0.45,0,0.041666667,0
0.45,0,0.083333333,0
0.45,0,0.125,0.01
0.45,0,0.166666667,0.01
0.45,0,0.208333333,0.01
0.45,0,0.25,0.01
0.45,0,0.291666667,0.02
0.45,0,0.333333333,0.02
0.45,0,0.375,0.03
0.45,0,0.416666667,0.03
0.45,0,0.458333333,0.03
0.45,0,0.5,0.04
0.45,0,0.541666667,0.04
0.45,0,0.583333333,0.05
0.45,0,0.625,0.05
0.45,0,0.666666667,0.06
0.45,0,0.708333333,0.06
0.45,0,0.75,0.07
0.45,0,0.791666667,0.07
0.45,0,0.833333333,0.08
0.45,0,0.875,0.08
0.45,0,0.916666667,0.09
0.45,0,0.958333333,0.09
0.45,0,1,0.1
0.45,0.041666667,0.041666667,0
0.45,0.041666667,0.083333333,0
0.45,0.041666667,0.125,0
0.45,0.041666667,0.166666667,0.01
0.45,0.041666667,0.208333333,0.01
0.45,0.041666667,0.25,0.01
0.45,0.041666667,0.291666667,0.01
0.45,0.041666667,0.333333333,0.01
0.45,0.041666667,0.375,0.02
0.45,0.041666667,0.416666667,0.02
0.45,0.041666667,0.458333333,0.02
0.45,0.041666667,0.5,0.02
0.45,0.041666667,0.541666667,0.03
0.45,0.041666667,0.583333333,0.03
0.45,0.041666667,0.625,0.03
0.45,0.041666667,0.666666667,0.04
0.45,0.041666667,0.708333333,0.04
0.45,0.041666667,0.75,0.04
0.45,0.041666667,0.791666667,0.05
0.45,0.041666667,0.833333333,0.05
0.45,0.041666667,0.875,0.05
0.45,0.041666667,0.916666667,0.06
0.45,0.041666667,0.958333333,0.06
0.45,0.041666667,1,0.06
0.45,0.125,0.041666667,0
0.45,0.125,0.083333333,0
0.45,0.125,0.125,0
0.45,0.125,0.166666667,0
0.45,0.125,0.208333333,0
0.45,0.125,0.25,0
0.45,0.125,0.291666667,0
0.45,0.125,0.333333333,0.01
0.45,0.125,0.375,0.01
0.45,0.125,0.416666667,0.01
0.45,0.125,0.458333333,0.01
0.45,0.125,0.5,0.01
0.45,0.125,0.541666667,0.01
0.45,0.125,0.583333333,0.01
0.45,0.125,0.625,0.01
0.45,0.125,0.666666667,0.01
0.45,0.125,0.708333333,0.01
0.45,0.125,0.75,0.02
0.45,0.125,0.791666667,0.02
0.45,0.125,0.833333333,0.02
0.45,0.125,0.875,0.02
0.45,0.125,0.916666667,0.02
0.45,0.125,0.958333333,0.02
0.45,0.125,1,0.02
0.45,0.3125,0.041666667,0
0.45,0.3125,0.083333333,0
0.45,0.3125,0.125,0
0.45,0.3125,0.166666667,0
0.45,0.3125,0.208333333,0
0.45,0.3125,0.25,0
0.45,0.3125,0.291666667,0
0.45,0.3125,0.333333333,0
0.45,0.3125,0.375,0
0.45,0.3125,0.416666667,0
0.45,0.3125,0.458333333,0
0.45,0.3125,0.5,0
0.45,0.3125,0.541666667,0
0.45,0.3125,0.583333333,0
0.45,0.3125,0.625,0
0.45,0.3125,0.666666667,0
0.45,0.3125,0.708333333,0
0.45,0.3125,0.75,0
0.45,0.3125,0.791666667,0
0.45,0.3125,0.833333333,0
0.45,0.3125,0.875,0
0.45,0.3125,0.916666667,0
0.45,0.3125,0.958333333,0
0.45,0.3125,1,0
0.5,0,0.041666667,0
0.5,0,0.083333333,0.01
0.5,0,0.125,0.02
0.5,0,0.166666667,0.03
0.5,0,0.208333333,0.03
0.5,0,0.25,0.04
0.5,0,0.291666667,0.05
0.5,0,0.333333333,0.06
0.5,0,0.375,0.08
0.5,0,0.416666667,0.09
0.5,0,0.458333333,0.1
0.5,0,0.5,0.11
0.5,0,0.541666667,0.12
0.5,0,0.583333333,0.13
0.5,0,0.625,0.15
0.5,0,0.666666667,0.16
0.5,0,0.708333333,0.17
0.5,0,0.75,0.18
0.5,0,0.791666667,0.19
0.5,0,0.833333333,0.2
0.5,0,0.875,0.22
0.5,0,0.916666667,0.23
0.5,0,0.958333333,0.24
0.5,0,1,0.25
0.5,0.083333333,0.041666667,0
0.5,0.083333333,0.083333333,0
0.5,0.083333333,0.125,0.01
0.5,0.083333333,0.166666667,0.01
0.5,0.083333333,0.208333333,0.01
0.5,0.083333333,0.25,0.02
0.5,0.083333333,0.291666667,0.02
0.5,0.083333333,0.333333333,0.02
0.5,0.083333333,0.375,0.03
0.5,0.083333333,0.416666667,0.03
0.5,0.083333333,0.458333333,0.04
0.5,0.083333333,0.5,0.04
0.5,0.083333333,0.541666667,0.05
0.5,0.083333333,0.583333333,0.05
0.5,0.083333333,0.625,0.06
0.5,0.083333333,0.666666667,0.06
0.5,0.083333333,0.708333333,0.07
0.5,0.083333333,0.75,0.07
0.5,0.083333333,0.791666667,0.08
0.5,0.083333333,0.833333333,0.09
0.5,0.083333333,0.875,0.09
0.5,0.083333333,0.916666667,0.1
0.5,0.083333333,0.958333333,0.1
0.5,0.083333333,1,0.11
0.5,0.166666667,0.041666667,0
0.5,0.166666667,0.083333333,0
0.5,0.166666667,0.125,0
0.5,0.166666667,0.166666667,0
0.5,0.166666667,0.208333333,0
0.5,0.166666667,0.25,0.01
0.5,0.166666667,0.291666667,0.01
0.5,0.166666667,0.333333333,0.01
0.5,0.166666667,0.375,0.01
0.5,0.166666667,0.416666667,0.01
0.5,0.166666667,0.458333333,0.01
0.5,0.166666667,0.5,0.02
0.5,0.166666667,0.541666667,0.02
0.5,0.166666667,0.583333333,0.02
0.5,0.166666667,0.625,0.02
0.5,0.166666667,0.666666667,0.02
0.5,0.166666667,0.708333333,0.03
0.5,0.166666667,0.75,0.03
0.5,0.166666667,0.791666667,0.03
0.5,0.166666667,0.833333333,0.03
0.5,0.166666667,0.875,0.04
0.5,0.166666667,0.916666667,0.04
0.5,0.166666667,0.958333333,0.04
0.5,0.166666667,1,0.04
0.5,0.25,0.041666667,0
0.5,0.25,0.083333333,0
0.5,0.25,0.125,0
0.5,0.25,0.166666667,0
0.5,0.25,0.208333333,0
0.5,0.25,0.25,0
0.5,0.25,0.291666667,0
0.5,0.25,0.333333333,0
0.5,0.25,0.375,0
0.5,0.25,0.416666667,0
0.5,0.25,0.458333333,0.01
0.5,0.25,0.5,0.01
0.5,0.25,0.541666667,0.01
0.5,0.25,0.583333333,0.01
0.5,0.25,0.625,0.01
0.5,0.25,0.666666667,0.01
0.5,0.25,0.708333333,0.01
0.5,0.25,0.75,0.01
0.5,0.25,0.791666667,0.01
0.5,0.25,0.833333333,0.01
0.5,0.25,0.875,0.01
0.5,0.25,0.916666667,0.01
0.5,0.25,0.958333333,0.02
0.5,0.25,1,0.02
0.55,0,0.041666667,0.01
0.55,0,0.083333333,0.03
0.55,0,0.125,0.05
0.55,0,0.166666667,0.07
0.55,0,0.208333333,0.1
0.55,0,0.25,0.13
0.55,0,0.291666667,0.15
0.55,0,0.333333333,0.18
0.55,0,0.375,0.2
0.55,0,0.416666667,0.23
0.55,0,0.458333333,0.25
0.55,0,0.5,0.28
0.55,0,0.541666667,0.3
0.55,0,0.583333333,0.33
0.55,0,0.625,0.35
0.55,0,0.666666667,0.37
0.55,0,0.708333333,0.39
0.55,0,0.75,0.41
0.55,0,0.791666667,0.43
0.55,0,0.833333333,0.45
0.55,0,0.875,0.46
0.55,0,0.916666667,0.48
0.55,0,0.958333333,0.5
0.55,0,1,0.51
0.55,0.083333333,0.041666667,0
0.55,0.083333333,0.083333333,0.01
0.55,0.083333333,0.125,0.02
0.55,0.083333333,0.166666667,0.03
0.55,0.083333333,0.208333333,0.04
0.55,0.083333333,0.25,0.05
0.55,0.083333333,0.291666667,0.06
0.55,0.083333333,0.333333333,0.07
0.55,0.083333333,0.375,0.08
0.55,0.083333333,0.416666667,0.1
0.55,0.083333333,0.458333333,0.11
0.55,0.083333333,0.5,0.12
0.55,0.083333333,0.541666667,0.14
0.55,0.083333333,0.583333333,0.15
0.55,0.083333333,0.625,0.16
0.55,0.083333333,0.666666667,0.17
0.55,0.083333333,0.708333333,0.19
0.55,0.083333333,0.75,0.2
0.55,0.083333333,0.791666667,0.21
0.55,0.083333333,0.833333333,0.23
0.55,0.083333333,0.875,0.24
0.55,0.083333333,0.916666667,0.25
0.55,0.083333333,0.958333333,0.26
0.55,0.083333333,1,0.28
0.55,0.166666667,0.041666667,0
0.55,0.166666667,0.083333333,0
0.55,0.166666667,0.125,0.01
0.55,0.166666667,0.166666667,0.01
0.55,0.166666667,0.208333333,0.01
0.55,0.166666667,0.25,0.02
0.55,0.166666667,0.291666667,0.02
0.55,0.166666667,0.333333333,0.03
0.55,0.166666667,0.375,0.03
0.55,0.166666667,0.416666667,0.04
0.55,0.166666667,0.458333333,0.04
0.55,0.166666667,0.5,0.05
0.55,0.166666667,0.541666667,0.05
0.55,0.166666667,0.583333333,0.06
0.55,0.166666667,0.625,0.07
0.55,0.166666667,0.666666667,0.07
0.55,0.166666667,0.708333333,0.08
0.55,0.166666667,0.75,0.08
0.55,0.166666667,0.791666667,0.09
0.55,0.166666667,0.833333333,0.1
0.55,0.166666667,0.875,0.1
0.55,0.166666667,0.916666667,0.11
0.55,0.166666667,0.958333333,0.12
0.55,0.166666667,1,0.12
0.55,0.25,0.041666667,0
0.55,0.25,0.083333333,0
0.55,0.25,0.125,0
0.55,0.25,0.166666667,0
0.55,0.25,0.208333333,0.01
0.55,0.25,0.25,0.01
0.55,0.25,0.291666667,0.01
0.55,0.25,0.333333333,0.01
0.55,0.25,0.375,0.01
0.55,0.25,0.416666667,0.01
0.55,0.25,0.458333333,0.02
0.55,0.25,0.5,0.02
0.55,0.25,0.541666667,0.02
0.55,0.25,0.583333333,0.02
0.55,0.25,0.625,0.02
0.55,0.25,0.666666667,0.03
0.55,0.25,0.708333333,0.03
0.55,0.25,0.75,0.03
0.55,0.25,0.791666667,0.03
0.55,0.25,0.833333333,0.04
0.55,0.25,0.875,0.04
0.55,0.25,0.916666667,0.04
0.55,0.25,0.958333333,0.05
0.55,0.25,1,0.05
0.55,0.333333333,0.041666667,0
0.55,0.333333333,0.083333333,0
0.55,0.333333333,0.125,0
0.55,0.333333333,0.166666667,0
0.55,0.333333333,0.208333333,0
0.55,0.333333333,0.25,0
0.55,0.333333333,0.291666667,0
0.55,0.333333333,0.333333333,0
0.55,0.333333333,0.375,0
0.55,0.333333333,0.416666667,0.01
0.55,0.333333333,0.458333333,0.01
0.55,0.333333333,0.5,0.01
0.55,0.333333333,0.541666667,0.01
0.55,0.333333333,0.583333333,0.01
0.55,0.333333333,0.625,0.01
0.55,0.333333333,0.666666667,0.01
0.55,0.333333333,0.708333333,0.01
0.55,0.333333333,0.75,0.01
0.55,0.333333333,0.791666667,0.01
0.55,0.333333333,0.833333333,0.01
0.55,0.333333333,0.875,0.01
0.55,0.333333333,0.916666667,0.02
0.55,0.333333333,0.958333333,0.02
0.55,0.333333333,1,0.02
0.6,0,0.041666667,0.02
0.6,0,0.083333333,0.05
0.6,0,0.125,0.09
0.6,0,0.166666667,0.13
0.6,0,0.208333333,0.18
0.6,0,0.25,0.22
0.6,0,0.291666667,0.27
0.6,0,0.333333333,0.31
0.6,0,0.375,0.35
0.6,0,0.416666667,0.39
0.6,0,0.458333333,0.42
0.6,0,0.5,0.45
0.6,0,0.541666667,0.48
0.6,0,0.583333333,0.51
0.6,0,0.625,0.54
0.6,0,0.666666667,0.56
0.6,0,0.708333333,0.58
0.6,0,0.75,0.6
0.6,0,0.791666667,0.62
0.6,0,0.833333333,0.64
0.6,0,0.875,0.66
0.6,0,0.916666667,0.67
0.6,0,0.958333333,0.69
0.6,0,1,0.7
0.6,0.083333333,0.041666667,0.01
0.6,0.083333333,0.083333333,0.04
0.6,0.083333333,0.125,0.07
0.6,0.083333333,0.166666667,0.11
0.6,0.083333333,0.208333333,0.14
0.6,0.083333333,0.25,0.18
0.6,0.083333333,0.291666667,0.22
0.6,0.083333333,0.333333333,0.26
0.6,0.083333333,0.375,0.29
0.6,0.083333333,0.416666667,0.33
0.6,0.083333333,0.458333333,0.36
0.6,0.083333333,0.5,0.39
0.6,0.083333333,0.541666667,0.42
0.6,0.083333333,0.583333333,0.44
0.6,0.083333333,0.625,0.47
0.6,0.083333333,0.666666667,0.49
0.6,0.083333333,0.708333333,0.51
0.6,0.083333333,0.75,0.53
0.6,0.083333333,0.791666667,0.55
0.6,0.083333333,0.833333333,0.57
0.6,0.083333333,0.875,0.59
0.6,0.083333333,0.916666667,0.6
0.6,0.083333333,0.958333333,0.62
0.6,0.083333333,1,0.63
0.6,0.166666667,0.041666667,0.01
0.6,0.166666667,0.083333333,0.03
0.6,0.166666667,0.125,0.06
0.6,0.166666667,0.166666667,0.09
0.6,0.166666667,0.208333333,0.12
0.6,0.166666667,0.25,0.15
0.6,0.166666667,0.291666667,0.19
0.6,0.166666667,0.333333333,0.22
0.6,0.166666667,0.375,0.25
0.6,0.166666667,0.416666667,0.28
0.6,0.166666667,0.458333333,0.31
0.6,0.166666667,0.5,0.34
0.6,0.166666667,0.541666667,0.37
0.6,0.166666667,0.583333333,0.4
0.6,0.166666667,0.625,0.42
0.6,0.166666667,0.666666667,0.44
0.6,0.166666667,0.708333333,0.47
0.6,0.166666667,0.75,0.49
0.6,0.166666667,0.791666667,0.51
0.6,0.166666667,0.833333333,0.52
0.6,0.166666667,0.875,0.54
0.6,0.166666667,0.916666667,0.56
0.6,0.166666667,0.958333333,0.57
0.6,0.166666667,1,0.59
0.6,0.25,0.041666667,0.01
0.6,0.25,0.083333333,0.03
0.6,0.25,0.125,0.05
0.6,0.25,0.166666667,0.07
0.6,0.25,0.208333333,0.1
0.6,0.25,0.25,0.13
0.6,0.25,0.291666667,0.16
0.6,0.25,0.333333333,0.19
0.6,0.25,0.375,0.22
0.6,0.25,0.416666667,0.25
0.6,0.25,0.458333333,0.27
0.6,0.25,0.5,0.3
0.6,0.25,0.541666667,0.33
0.6,0.25,0.583333333,0.35
0.6,0.25,0.625,0.38
0.6,0.25,0.666666667,0.4
0.6,0.25,0.708333333,0.42
0.6,0.25,0.75,0.44
0.6,0.25,0.791666667,0.46
0.6,0.25,0.833333333,0.48
0.6,0.25,0.875,0.5
0.6,0.25,0.916666667,0.51
0.6,0.25,0.958333333,0.53
0.6,0.25,1,0.54
0.6,0.333333333,0.041666667,0.01
0.6,0.333333333,0.083333333,0.02
0.6,0.333333333,0.125,0.04
0.6,0.333333333,0.166666667,0.06
0.6,0.333333333,0.208333333,0.08
0.6,0.333333333,0.25,0.11
0.6,0.333333333,0.291666667,0.13
0.6,0.333333333,0.333333333,0.16
0.6,0.333333333,0.375,0.19
0.6,0.333333333,0.416666667,0.21
0.6,0.333333333,0.458333333,0.24
0.6,0.333333333,0.5,0.26
0.6,0.333333333,0.541666667,0.29
0.6,0.333333333,0.583333333,0.31
0.6,0.333333333,0.625,0.33
0.6,0.333333333,0.666666667,0.35
0.6,0.333333333,0.708333333,0.37
0.6,0.333333333,0.75,0.39
0.6,0.333333333,0.791666667,0.41
0.6,0.333333333,0.833333333,0.43
0.6,0.333333333,0.875,0.45
0.6,0.333333333,0.916666667,0.47
0.6,0.333333333,0.958333333,0.48
0.6,0.333333333,1,0.5
0.6,0.416666667,0.041666667,0.01
0.6,0.416666667,0.083333333,0.02
0.6,0.416666667,0.125,0.03
0.6,0.416666667,0.166666667,0.05
0.6,0.416666667,0.208333333,0.07
0.6,0.416666667,0.25,0.09
0.6,0.416666667,0.291666667,0.11
0.6,0.416666667,0.333333333,0.14
0.6,0.416666667,0.375,0.16
0.6,0.416666667,0.416666667,0.18
0.6,0.416666667,0.458333333,0.2
0.6,0.416666667,0.5,0.23
0.6,0.416666667,0.541666667,0.25
0.6,0.416666667,0.583333333,0.27
0.6,0.416666667,0.625,0.29
0.6,0.416666667,0.666666667,0.31
0.6,0.416666667,0.708333333,0.33
0.6,0.416666667,0.75,0.35
0.6,0.416666667,0.791666667,0.37
0.6,0.416666667,0.833333333,0.39
0.6,0.416666667,0.875,0.4
0.6,0.416666667,0.916666667,0.42
0.6,0.416666667,0.958333333,0.44
0.6,0.416666667,1,0.45
0.6,0.5,0.041666667,0
0.6,0.5,0.083333333,0.01
0.6,0.5,0.125,0.03
0.6,0.5,0.166666667,0.04
0.6,0.5,0.208333333,0.06
0.6,0.5,0.25,0.08
0.6,0.5,0.291666667,0.09
0.6,0.5,0.333333333,0.11
0.6,0.5,0.375,0.13
0.6,0.5,0.416666667,0.15
0.6,0.5,0.458333333,0.17
0.6,0.5,0.5,0.19
0.6,0.5,0.541666667,0.21
0.6,0.5,0.583333333,0.23
0.6,0.5,0.625,0.25
0.6,0.5,0.666666667,0.27
0.6,0.5,0.708333333,0.29
0.6,0.5,0.75,0.31
0.6,0.5,0.791666667,0.33
0.6,0.5,0.833333333,0.34
0.6,0.5,0.875,0.36
0.6,0.5,0.916666667,0.37
0.6,0.5,0.958333333,0.39
0.6,0.5,1,0.41
0.6,0.583333333,0.041666667,0
0.6,0.583333333,0.083333333,0.01
0.6,0.583333333,0.125,0.02
0.6,0.583333333,0.166666667,0.03
0.6,0.583333333,0.208333333,0.05
0.6,0.583333333,0.25,0.06
0.6,0.583333333,0.291666667,0.08
0.6,0.583333333,0.333333333,0.09
0.6,0.583333333,0.375,0.11
0.6,0.583333333,0.416666667,0.13
0.6,0.583333333,0.458333333,0.15
0.6,0.583333333,0.5,0.16
0.6,0.583333333,0.541666667,0.18
0.6,0.583333333,0.583333333,0.2
0.6,0.583333333,0.625,0.22
0.6,0.583333333,0.666666667,0.23
0.6,0.583333333,0.708333333,0.25
0.6,0.583333333,0.75,0.27
0.6,0.583333333,0.791666667,0.28
0.6,0.583333333,0.833333333,0.3
0.6,0.583333333,0.875,0.32
0.6,0.583333333,0.916666667,0.33
0.6,0.583333333,0.958333333,0.35
0.6,0.583333333,1,0.36
0.6,0.666666667,0.041666667,0
0.6,0.666666667,0.083333333,0.01
0.6,0.666666667,0.125,0.02
0.6,0.666666667,0.166666667,0.03
0.6,0.666666667,0.208333333,0.04
0.6,0.666666667,0.25,0.05
0.6,0.666666667,0.291666667,0.06
0.6,0.666666667,0.333333333,0.08
0.6,0.666666667,0.375,0.09
0.6,0.666666667,0.416666667,0.11
0.6,0.666666667,0.458333333,0.12
0.6,0.666666667,0.5,0.14
0.6,0.666666667,0.541666667,0.15
0.6,0.666666667,0.583333333,0.17
0.6,0.666666667,0.625,0.19
0.6,0.666666667,0.666666667,0.2
0.6,0.666666667,0.708333333,0.22
0.6,0.666666667,0.75,0.23
0.6,0.666666667,0.791666667,0.25
0.6,0.666666667,0.833333333,0.26
0.6,0.666666667,0.875,0.28
0.6,0.666666667,0.916666667,0.29
0.6,0.666666667,0.958333333,0.3
0.6,0.666666667,1,0.32
0.6,0.75,0.041666667,0
0.6,0.75,0.083333333,0.01
0.6,0.75,0.125,0.01
0.6,0.75,0.166666667,0.02
0.6,0.75,0.208333333,0.03
0.6,0.75,0.25,0.04
0.6,0.75,0.291666667,0.05
0.6,0.75,0.333333333,0.06
0.6,0.75,0.375,0.08
0.6,0.75,0.416666667,0.09
0.6,0.75,0.458333333,0.1
0.6,0.75,0.5,0.12
0.6,0.75,0.541666667,0.13
0.6,0.75,0.583333333,0.14
0.6,0.75,0.625,0.16
0.6,0.75,0.666666667,0.17
0.6,0.75,0.708333333,0.19
0.6,0.75,0.75,0.2
0.6,0.75,0.791666667,0.21
0.6,0.75,0.833333333,0.23
0.6,0.75,0.875,0.24
0.6,0.75,0.916666667,0.25
0.6,0.75,0.958333333,0.27
0.6,0.75,1,0.28
0.6,0.833333333,0.041666667,0
0.6,0.833333333,0.083333333,0.01
0.6,0.833333333,0.125,0.01
0.6,0.833333333,0.166666667,0.02
0.6,0.833333333,0.208333333,0.03
0.6,0.833333333,0.25,0.03
0.6,0.833333333,0.291666667,0.04
0.6,0.833333333,0.333333333,0.05
0.6,0.833333333,0.375,0.06
0.6,0.833333333,0.416666667,0.07
0.6,0.833333333,0.458333333,0.09
0.6,0.833333333,0.5,0.1
0.6,0.833333333,0.541666667,0.11
0.6,0.833333333,0.583333333,0.12
0.6,0.833333333,0.625,0.13
0.6,0.833333333,0.666666667,0.14
0.6,0.833333333,0.708333333,0.16
0.6,0.833333333,0.75,0.17
0.6,0.833333333,0.791666667,0.18
0.6,0.833333333,0.833333333,0.19
0.6,0.833333333,0.875,0.21
0.6,0.833333333,0.916666667,0.22
0.6,0.833333333,0.958333333,0.23
0.6,0.833333333,1,0.24
0.6,0.916666667,0.041666667,0
0.6,0.916666667,0.083333333,0.01
0.6,0.916666667,0.125,0.01
0.6,0.916666667,0.166666667,0.01
0.6,0.916666667,0.208333333,0.02
0.6,0.916666667,0.25,0.03
0.6,0.916666667,0.291666667,0.04
0.6,0.916666667,0.333333333,0.04
0.6,0.916666667,0.375,0.05
0.6,0.916666667,0.416666667,0.06
0.6,0.916666667,0.458333333,0.07
0.6,0.916666667,0.5,0.08
0.6,0.916666667,0.541666667,0.09
0.6,0.916666667,0.583333333,0.1
0.6,0.916666667,0.625,0.11
0.6,0.916666667,0.666666667,0.12
0.6,0.916666667,0.708333333,0.13
0.6,0.916666667,0.75,0.14
0.6,0.916666667,0.791666667,0.15
0.6,0.916666667,0.833333333,0.16
0.6,0.916666667,0.875,0.17
0.6,0.916666667,0.916666667,0.19
0.6,0.916666667,0.958333333,0.2
0.6,0.916666667,1,0.21
0.6,1,0.041666667,0
0.6,1,0.083333333,0
0.6,1,0.125,0.01
0.6,1,0.166666667,0.01
0.6,1,0.208333333,0.02
0.6,1,0.25,0.02
0.6,1,0.291666667,0.03
0.6,1,0.333333333,0.04
0.6,1,0.375,0.04
0.6,1,0.416666667,0.05
0.6,1,0.458333333,0.06
0.6,1,0.5,0.07
0.6,1,0.541666667,0.08
0.6,1,0.583333333,0.08
0.6,1,0.625,0.09
0.6,1,0.666666667,0.1
0.6,1,0.708333333,0.11
0.6,1,0.75,0.12
0.6,1,0.791666667,0.13
0.6,1,0.833333333,0.14
0.6,1,0.875,0.15
0.6,1,0.916666667,0.16
0.6,1,0.958333333,0.17
0.6,1,1,0.18
0.65,0,0.041666667,0.03
0.65,0,0.083333333,0.08
0.65,0,0.125,0.14
0.65,0,0.166666667,0.2
0.65,0,0.208333333,0.26
0.65,0,0.25,0.32
0.65,0,0.291666667,0.38
0.65,0,0.333333333,0.43
0.65,0,0.375,0.48
0.65,0,0.416666667,0.52
0.65,0,0.458333333,0.56
0.65,0,0.5,0.59
0.65,0,0.541666667,0.63
0.65,0,0.583333333,0.65
0.65,0,0.625,0.68
0.65,0,0.666666667,0.7
0.65,0,0.708333333,0.72
0.65,0,0.75,0.74
0.65,0,0.791666667,0.76
0.65,0,0.833333333,0.77
0.65,0,0.875,0.79
0.65,0,0.916666667,0.8
0.65,0,0.958333333,0.81
0.65,0,1,0.82
0.65,0.083333333,0.041666667,0.02
0.65,0.083333333,0.083333333,0.06
0.65,0.083333333,0.125,0.11
0.65,0.083333333,0.166666667,0.17
0.65,0.083333333,0.208333333,0.22
0.65,0.083333333,0.25,0.28
0.65,0.083333333,0.291666667,0.33
0.65,0.083333333,0.333333333,0.38
0.65,0.083333333,0.375,0.43
0.65,0.083333333,0.416666667,0.47
0.65,0.083333333,0.458333333,0.51
0.65,0.083333333,0.5,0.54
0.65,0.083333333,0.541666667,0.58
0.65,0.083333333,0.583333333,0.6
0.65,0.083333333,0.625,0.63
0.65,0.083333333,0.666666667,0.66
0.65,0.083333333,0.708333333,0.68
0.65,0.083333333,0.75,0.7
0.65,0.083333333,0.791666667,0.72
0.65,0.083333333,0.833333333,0.73
0.65,0.083333333,0.875,0.75
0.65,0.083333333,0.916666667,0.76
0.65,0.083333333,0.958333333,0.77
0.65,0.083333333,1,0.79
0.65,0.166666667,0.041666667,0.02
0.65,0.166666667,0.083333333,0.05
0.65,0.166666667,0.125,0.09
0.65,0.166666667,0.166666667,0.14
0.65,0.166666667,0.208333333,0.19
0.65,0.166666667,0.25,0.24
0.65,0.166666667,0.291666667,0.29
0.65,0.166666667,0.333333333,0.33
0.65,0.166666667,0.375,0.38
0.65,0.166666667,0.416666667,0.42
0.65,0.166666667,0.458333333,0.46
0.65,0.166666667,0.5,0.49
0.65,0.166666667,0.541666667,0.52
0.65,0.166666667,0.583333333,0.55
0.65,0.166666667,0.625,0.58
0.65,0.166666667,0.666666667,0.61
0.65,0.166666667,0.708333333,0.63
0.65,0.166666667,0.75,0.65
0.65,0.166666667,0.791666667,0.67
0.65,0.166666667,0.833333333,0.69
0.65,0.166666667,0.875,0.71
0.65,0.166666667,0.916666667,0.72
0.65,0.166666667,0.958333333,0.74
0.65,0.166666667,1,0.75
0.65,0.25,0.041666667,0.02
0.65,0.25,0.083333333,0.04
0.65,0.25,0.125,0.08
0.65,0.25,0.166666667,0.12
0.65,0.25,0.208333333,0.16
0.65,0.25,0.25,0.2
0.65,0.25,0.291666667,0.25
0.65,0.25,0.333333333,0.29
0.65,0.25,0.375,0.33
0.65,0.25,0.416666667,0.37
0.65,0.25,0.458333333,0.4
0.65,0.25,0.5,0.44
0.65,0.25,0.541666667,0.47
0.65,0.25,0.583333333,0.5
0.65,0.25,0.625,0.53
0.65,0.25,0.666666667,0.56
0.65,0.25,0.708333333,0.58
0.65,0.25,0.75,0.6
0.65,0.25,0.791666667,0.62
0.65,0.25,0.833333333,0.64
0.65,0.25,0.875,0.66
0.65,0.25,0.916666667,0.68
0.65,0.25,0.958333333,0.69
0.65,0.25,1,0.71
0.65,0.333333333,0.041666667,0.01
0.65,0.333333333,0.083333333,0.03
0.65,0.333333333,0.125,0.06
0.65,0.333333333,0.166666667,0.1
0.65,0.333333333,0.208333333,0.13
0.65,0.333333333,0.25,0.17
0.65,0.333333333,0.291666667,0.21
0.65,0.333333333,0.333333333,0.25
0.65,0.333333333,0.375,0.28
0.65,0.333333333,0.416666667,0.32
0.65,0.333333333,0.458333333,0.36
0.65,0.333333333,0.5,0.39
0.65,0.333333333,0.541666667,0.42
0.65,0.333333333,0.583333333,0.45
0.65,0.333333333,0.625,0.48
0.65,0.333333333,0.666666667,0.5
0.65,0.333333333,0.708333333,0.53
0.65,0.333333333,0.75,0.55
0.65,0.333333333,0.791666667,0.57
0.65,0.333333333,0.833333333,0.59
0.65,0.333333333,0.875,0.61
0.65,0.333333333,0.916666667,0.63
0.65,0.333333333,0.958333333,0.65
0.65,0.333333333,1,0.66
0.65,0.416666667,0.041666667,0.01
0.65,0.416666667,0.083333333,0.03
0.65,0.416666667,0.125,0.05
0.65,0.416666667,0.166666667,0.08
0.65,0.416666667,0.208333333,0.11
0.65,0.416666667,0.25,0.14
0.65,0.416666667,0.291666667,0.18
0.65,0.416666667,0.333333333,0.21
0.65,0.416666667,0.375,0.24
0.65,0.416666667,0.416666667,0.28
0.65,0.416666667,0.458333333,0.31
0.65,0.416666667,0.5,0.34
0.65,0.416666667,0.541666667,0.37
0.65,0.416666667,0.583333333,0.4
0.65,0.416666667,0.625,0.43
0.65,0.416666667,0.666666667,0.45
0.65,0.416666667,0.708333333,0.48
0.65,0.416666667,0.75,0.5
0.65,0.416666667,0.791666667,0.52
0.65,0.416666667,0.833333333,0.54
0.65,0.416666667,0.875,0.56
0.65,0.416666667,0.916666667,0.58
0.65,0.416666667,0.958333333,0.6
0.65,0.416666667,1,0.61
0.65,0.5,0.041666667,0.01
0.65,0.5,0.083333333,0.02
0.65,0.5,0.125,0.04
0.65,0.5,0.166666667,0.07
0.65,0.5,0.208333333,0.09
0.65,0.5,0.25,0.12
0.65,0.5,0.291666667,0.15
0.65,0.5,0.333333333,0.18
0.65,0.5,0.375,0.21
0.65,0.5,0.416666667,0.24
0.65,0.5,0.458333333,0.27
0.65,0.5,0.5,0.29
0.65,0.5,0.541666667,0.32
0.65,0.5,0.583333333,0.35
0.65,0.5,0.625,0.38
0.65,0.5,0.666666667,0.4
0.65,0.5,0.708333333,0.42
0.65,0.5,0.75,0.45
0.65,0.5,0.791666667,0.47
0.65,0.5,0.833333333,0.49
0.65,0.5,0.875,0.51
0.65,0.5,0.916666667,0.53
0.65,0.5,0.958333333,0.55
0.65,0.5,1,0.56
0.65,0.583333333,0.041666667,0.01
0.65,0.583333333,0.083333333,0.02
0.65,0.583333333,0.125,0.04
0.65,0.583333333,0.166666667,0.05
0.65,0.583333333,0.208333333,0.08
0.65,0.583333333,0.25,0.1
0.65,0.583333333,0.291666667,0.12
0.65,0.583333333,0.333333333,0.15
0.65,0.583333333,0.375,0.18
0.65,0.583333333,0.416666667,0.2
0.65,0.583333333,0.458333333,0.23
0.65,0.583333333,0.5,0.25
0.65,0.583333333,0.541666667,0.28
0.65,0.583333333,0.583333333,0.3
0.65,0.583333333,0.625,0.33
0.65,0.583333333,0.666666667,0.35
0.65,0.583333333,0.708333333,0.37
0.65,0.583333333,0.75,0.4
0.65,0.583333333,0.791666667,0.42
0.65,0.583333333,0.833333333,0.44
0.65,0.583333333,0.875,0.46
0.65,0.583333333,0.916666667,0.48
0.65,0.583333333,0.958333333,0.49
0.65,0.583333333,1,0.51
0.65,0.666666667,0.041666667,0.01
0.65,0.666666667,0.083333333,0.02
0.65,0.666666667,0.125,0.03
0.65,0.666666667,0.166666667,0.04
0.65,0.666666667,0.208333333,0.06
0.65,0.666666667,0.25,0.08
0.65,0.666666667,0.291666667,0.1
0.65,0.666666667,0.333333333,0.12
0.65,0.666666667,0.375,0.15
0.65,0.666666667,0.416666667,0.17
0.65,0.666666667,0.458333333,0.19
0.65,0.666666667,0.5,0.22
0.65,0.666666667,0.541666667,0.24
0.65,0.666666667,0.583333333,0.26
0.65,0.666666667,0.625,0.28
0.65,0.666666667,0.666666667,0.31
0.65,0.666666667,0.708333333,0.33
0.65,0.666666667,0.75,0.35
0.65,0.666666667,0.791666667,0.37
0.65,0.666666667,0.833333333,0.39
0.65,0.666666667,0.875,0.41
0.65,0.666666667,0.916666667,0.43
0.65,0.666666667,0.958333333,0.44
0.65,0.666666667,1,0.46
0.65,0.75,0.041666667,0
0.65,0.75,0.083333333,0.01
0.65,0.75,0.125,0.02
0.65,0.75,0.166666667,0.04
0.65,0.75,0.208333333,0.05
0.65,0.75,0.25,0.07
0.65,0.75,0.291666667,0.09
0.65,0.75,0.333333333,0.1
0.65,0.75,0.375,0.12
0.65,0.75,0.416666667,0.14
0.65,0.75,0.458333333,0.16
0.65,0.75,0.5,0.18
0.65,0.75,0.541666667,0.2
0.65,0.75,0.583333333,0.22
0.65,0.75,0.625,0.24
0.65,0.75,0.666666667,0.26
0.65,0.75,0.708333333,0.28
0.65,0.75,0.75,0.3
0.65,0.75,0.791666667,0.32
0.65,0.75,0.833333333,0.34
0.65,0.75,0.875,0.36
0.65,0.75,0.916666667,0.37
0.65,0.75,0.958333333,0.39
0.65,0.75,1,0.41
0.65,0.833333333,0.041666667,0
0.65,0.833333333,0.083333333,0.01
0.65,0.833333333,0.125,0.02
0.65,0.833333333,0.166666667,0.03
0.65,0.833333333,0.208333333,0.04
0.65,0.833333333,0.25,0.06
0.65,0.833333333,0.291666667,0.07
0.65,0.833333333,0.333333333,0.09
0.65,0.833333333,0.375,0.1
0.65,0.833333333,0.416666667,0.12
0.65,0.833333333,0.458333333,0.14
0.65,0.833333333,0.5,0.15
0.65,0.833333333,0.541666667,0.17
0.65,0.833333333,0.583333333,0.19
0.65,0.833333333,0.625,0.21
0.65,0.833333333,0.666666667,0.22
0.65,0.833333333,0.708333333,0.24
0.65,0.833333333,0.75,0.26
0.65,0.833333333,0.791666667,0.28
0.65,0.833333333,0.833333333,0.29
0.65,0.833333333,0.875,0.31
0.65,0.833333333,0.916666667,0.33
0.65,0.833333333,0.958333333,0.34
0.65,0.833333333,1,0.36
0.65,0.916666667,0.041666667,0
0.65,0.916666667,0.083333333,0.01
0.65,0.916666667,0.125,0.02
0.65,0.916666667,0.166666667,0.02
0.65,0.916666667,0.208333333,0.03
0.65,0.916666667,0.25,0.05
0.65,0.916666667,0.291666667,0.06
0.65,0.916666667,0.333333333,0.07
0.65,0.916666667,0.375,0.08
0.65,0.916666667,0.416666667,0.1
0.65,0.916666667,0.458333333,0.11
0.65,0.916666667,0.5,0.13
0.65,0.916666667,0.541666667,0.14
0.65,0.916666667,0.583333333,0.16
0.65,0.916666667,0.625,0.17
0.65,0.916666667,0.666666667,0.19
0.65,0.916666667,0.708333333,0.21
0.65,0.916666667,0.75,0.22
0.65,0.916666667,0.791666667,0.24
0.65,0.916666667,0.833333333,0.25
0.65,0.916666667,0.875,0.27
0.65,0.916666667,0.916666667,0.28
0.65,0.916666667,0.958333333,0.3
0.65,0.916666667,1,0.31
0.65,1,0.041666667,0
0.65,1,0.083333333,0.01
0.65,1,0.125,0.01
0.65,1,0.166666667,0.02
0.65,1,0.208333333,0.03
0.65,1,0.25,0.04
0.65,1,0.291666667,0.05
0.65,1,0.333333333,0.06
0.65,1,0.375,0.07
0.65,1,0.416666667,0.08
0.65,1,0.458333333,0.09
0.65,1,0.5,0.11
0.65,1,0.541666667,0.12
0.65,1,0.583333333,0.13
0.65,1,0.625,0.15
0.65,1,0.666666667,0.16
0.65,1,0.708333333,0.17
0.65,1,0.75,0.19
0.65,1,0.791666667,0.2
0.65,1,0.833333333,0.22
0.65,1,0.875,0.23
0.65,1,0.916666667,0.24
0.65,1,0.958333333,0.26
0.65,1,1,0.27
0.7,0,0.041666667,0.04
0.7,0,0.083333333,0.1
0.7,0,0.125,0.17
0.7,0,0.166666667,0.24
0.7,0,0.208333333,0.31
0.7,0,0.25,0.38
0.7,0,0.291666667,0.44
0.7,0,0.333333333,0.49
0.7,0,0.375,0.54
0.7,0,0.416666667,0.58
0.7,0,0.458333333,0.62
0.7,0,0.5,0.65
0.7,0,0.541666667,0.68
0.7,0,0.583333333,0.71
0.7,0,0.625,0.73
0.7,0,0.666666667,0.75
0.7,0,0.708333333,0.77
0.7,0,0.75,0.79
0.7,0,0.791666667,0.8
0.7,0,0.833333333,0.81
0.7,0,0.875,0.82
0.7,0,0.916666667,0.84
0.7,0,0.958333333,0.85
0.7,0,1,0.85
0.7,0.083333333,0.041666667,0.03
0.7,0.083333333,0.083333333,0.08
0.7,0.083333333,0.125,0.14
0.7,0.083333333,0.166666667,0.21
0.7,0.083333333,0.208333333,0.27
0.7,0.083333333,0.25,0.33
0.7,0.083333333,0.291666667,0.39
0.7,0.083333333,0.333333333,0.44
0.7,0.083333333,0.375,0.49
0.7,0.083333333,0.416666667,0.53
0.7,0.083333333,0.458333333,0.57
0.7,0.083333333,0.5,0.61
0.7,0.083333333,0.541666667,0.64
0.7,0.083333333,0.583333333,0.66
0.7,0.083333333,0.625,0.69
0.7,0.083333333,0.666666667,0.71
0.7,0.083333333,0.708333333,0.73
0.7,0.083333333,0.75,0.75
0.7,0.083333333,0.791666667,0.76
0.7,0.083333333,0.833333333,0.78
0.7,0.083333333,0.875,0.79
0.7,0.083333333,0.916666667,0.8
0.7,0.083333333,0.958333333,0.82
0.7,0.083333333,1,0.83
0.7,0.166666667,0.041666667,0.02
0.7,0.166666667,0.083333333,0.07
0.7,0.166666667,0.125,0.12
0.7,0.166666667,0.166666667,0.17
0.7,0.166666667,0.208333333,0.23
0.7,0.166666667,0.25,0.29
0.7,0.166666667,0.291666667,0.34
0.7,0.166666667,0.333333333,0.39
0.7,0.166666667,0.375,0.44
0.7,0.166666667,0.416666667,0.48
0.7,0.166666667,0.458333333,0.52
0.7,0.166666667,0.5,0.55
0.7,0.166666667,0.541666667,0.59
0.7,0.166666667,0.583333333,0.62
0.7,0.166666667,0.625,0.64
0.7,0.166666667,0.666666667,0.67
0.7,0.166666667,0.708333333,0.69
0.7,0.166666667,0.75,0.71
0.7,0.166666667,0.791666667,0.72
0.7,0.166666667,0.833333333,0.74
0.7,0.166666667,0.875,0.76
0.7,0.166666667,0.916666667,0.77
0.7,0.166666667,0.958333333,0.78
0.7,0.166666667,1,0.79
0.7,0.25,0.041666667,0.02
0.7,0.25,0.083333333,0.05
0.7,0.25,0.125,0.1
0.7,0.25,0.166666667,0.15
0.7,0.25,0.208333333,0.2
0.7,0.25,0.25,0.25
0.7,0.25,0.291666667,0.3
0.7,0.25,0.333333333,0.34
0.7,0.25,0.375,0.39
0.7,0.25,0.416666667,0.43
0.7,0.25,0.458333333,0.47
0.7,0.25,0.5,0.5
0.7,0.25,0.541666667,0.54
0.7,0.25,0.583333333,0.56
0.7,0.25,0.625,0.59
0.7,0.25,0.666666667,0.62
0.7,0.25,0.708333333,0.64
0.7,0.25,0.75,0.66
0.7,0.25,0.791666667,0.68
0.7,0.25,0.833333333,0.7
0.7,0.25,0.875,0.72
0.7,0.25,0.916666667,0.73
0.7,0.25,0.958333333,0.74
0.7,0.25,1,0.76
0.7,0.333333333,0.041666667,0.02
0.7,0.333333333,0.083333333,0.04
0.7,0.333333333,0.125,0.08
0.7,0.333333333,0.166666667,0.12
0.7,0.333333333,0.208333333,0.17
0.7,0.333333333,0.25,0.21
0.7,0.333333333,0.291666667,0.25
0.7,0.333333333,0.333333333,0.3
0.7,0.333333333,0.375,0.34
0.7,0.333333333,0.416666667,0.38
0.7,0.333333333,0.458333333,0.42
0.7,0.333333333,0.5,0.45
0.7,0.333333333,0.541666667,0.48
0.7,0.333333333,0.583333333,0.51
0.7,0.333333333,0.625,0.54
0.7,0.333333333,0.666666667,0.57
0.7,0.333333333,0.708333333,0.59
0.7,0.333333333,0.75,0.61
0.7,0.333333333,0.791666667,0.63
0.7,0.333333333,0.833333333,0.65
0.7,0.333333333,0.875,0.67
0.7,0.333333333,0.916666667,0.69
0.7,0.333333333,0.958333333,0.7
0.7,0.333333333,1,0.72
0.7,0.416666667,0.041666667,0.01
0.7,0.416666667,0.083333333,0.04
0.7,0.416666667,0.125,0.07
0.7,0.416666667,0.166666667,0.1
0.7,0.416666667,0.208333333,0.14
0.7,0.416666667,0.25,0.18
0.7,0.416666667,0.291666667,0.22
0.7,0.416666667,0.333333333,0.26
0.7,0.416666667,0.375,0.29
0.7,0.416666667,0.416666667,0.33
0.7,0.416666667,0.458333333,0.37
0.7,0.416666667,0.5,0.4
0.7,0.416666667,0.541666667,0.43
0.7,0.416666667,0.583333333,0.46
0.7,0.416666667,0.625,0.49
0.7,0.416666667,0.666666667,0.52
0.7,0.416666667,0.708333333,0.54
0.7,0.416666667,0.75,0.56
0.7,0.416666667,0.791666667,0.58
0.7,0.416666667,0.833333333,0.6
0.7,0.416666667,0.875,0.62
0.7,0.416666667,0.916666667,0.64
0.7,0.416666667,0.958333333,0.66
0.7,0.416666667,1,0.67
0.7,0.5,0.041666667,0.01
0.7,0.5,0.083333333,0.03
0.7,0.5,0.125,0.05
0.7,0.5,0.166666667,0.08
0.7,0.5,0.208333333,0.12
0.7,0.5,0.25,0.15
0.7,0.5,0.291666667,0.18
0.7,0.5,0.333333333,0.22
0.7,0.5,0.375,0.25
0.7,0.5,0.416666667,0.29
0.7,0.5,0.458333333,0.32
0.7,0.5,0.5,0.35
0.7,0.5,0.541666667,0.38
0.7,0.5,0.583333333,0.41
0.7,0.5,0.625,0.44
0.7,0.5,0.666666667,0.46
0.7,0.5,0.708333333,0.49
0.7,0.5,0.75,0.51
0.7,0.5,0.791666667,0.53
0.7,0.5,0.833333333,0.55
0.7,0.5,0.875,0.57
0.7,0.5,0.916666667,0.59
0.7,0.5,0.958333333,0.61
0.7,0.5,1,0.63
0.7,0.583333333,0.041666667,0.01
0.7,0.583333333,0.083333333,0.02
0.7,0.583333333,0.125,0.04
0.7,0.583333333,0.166666667,0.07
0.7,0.583333333,0.208333333,0.1
0.7,0.583333333,0.25,0.12
0.7,0.583333333,0.291666667,0.15
0.7,0.583333333,0.333333333,0.18
0.7,0.583333333,0.375,0.22
0.7,0.583333333,0.416666667,0.25
0.7,0.583333333,0.458333333,0.28
0.7,0.583333333,0.5,0.3
0.7,0.583333333,0.541666667,0.33
0.7,0.583333333,0.583333333,0.36
0.7,0.583333333,0.625,0.39
0.7,0.583333333,0.666666667,0.41
0.7,0.583333333,0.708333333,0.44
0.7,0.583333333,0.75,0.46
0.7,0.583333333,0.791666667,0.48
0.7,0.583333333,0.833333333,0.5
0.7,0.583333333,0.875,0.52
0.7,0.583333333,0.916666667,0.54
0.7,0.583333333,0.958333333,0.56
0.7,0.583333333,1,0.58
0.7,0.666666667,0.041666667,0.01
0.7,0.666666667,0.083333333,0.02
0.7,0.666666667,0.125,0.04
0.7,0.666666667,0.166666667,0.06
0.7,0.666666667,0.208333333,0.08
0.7,0.666666667,0.25,0.1
0.7,0.666666667,0.291666667,0.13
0.7,0.666666667,0.333333333,0.16
0.7,0.666666667,0.375,0.18
0.7,0.666666667,0.416666667,0.21
0.7,0.666666667,0.458333333,0.24
0.7,0.666666667,0.5,0.26
0.7,0.666666667,0.541666667,0.29
0.7,0.666666667,0.583333333,0.31
0.7,0.666666667,0.625,0.34
0.7,0.666666667,0.666666667,0.36
0.7,0.666666667,0.708333333,0.39
0.7,0.666666667,0.75,0.41
0.7,0.666666667,0.791666667,0.43
0.7,0.666666667,0.833333333,0.45
0.7,0.666666667,0.875,0.47
0.7,0.666666667,0.916666667,0.49
0.7,0.666666667,0.958333333,0.51
0.7,0.666666667,1,0.52
0.7,0.75,0.041666667,0.01
0.7,0.75,0.083333333,0.02
0.7,0.75,0.125,0.03
0.7,0.75,0.166666667,0.05
0.7,0.75,0.208333333,0.07
0.7,0.75,0.25,0.09
0.7,0.75,0.291666667,0.11
0.7,0.75,0.333333333,0.13
0.7,0.75,0.375,0.15
0.7,0.75,0.416666667,0.18
0.7,0.75,0.458333333,0.2
0.7,0.75,0.5,0.22
0.7,0.75,0.541666667,0.25
0.7,0.75,0.583333333,0.27
0.7,0.75,0.625,0.29
0.7,0.75,0.666666667,0.32
0.7,0.75,0.708333333,0.34
0.7,0.75,0.75,0.36
0.7,0.75,0.791666667,0.38
0.7,0.75,0.833333333,0.4
0.7,0.75,0.875,0.42
0.7,0.75,0.916666667,0.44
0.7,0.75,0.958333333,0.45
0.7,0.75,1,0.47
0.7,0.833333333,0.041666667,0
0.7,0.833333333,0.083333333,0.01
0.7,0.833333333,0.125,0.02
0.7,0.833333333,0.166666667,0.04
0.7,0.833333333,0.208333333,0.05
0.7,0.833333333,0.25,0.07
0.7,0.833333333,0.291666667,0.09
0.7,0.833333333,0.333333333,0.11
0.7,0.833333333,0.375,0.13
0.7,0.833333333,0.416666667,0.15
0.7,0.833333333,0.458333333,0.17
0.7,0.833333333,0.5,0.19
0.7,0.833333333,0.541666667,0.21
0.7,0.833333333,0.583333333,0.23
0.7,0.833333333,0.625,0.25
0.7,0.833333333,0.666666667,0.27
0.7,0.833333333,0.708333333,0.29
0.7,0.833333333,0.75,0.31
0.7,0.833333333,0.791666667,0.33
0.7,0.833333333,0.833333333,0.35
0.7,0.833333333,0.875,0.37
0.7,0.833333333,0.916666667,0.39
0.7,0.833333333,0.958333333,0.4
0.7,0.833333333,1,0.42
0.7,0.916666667,0.041666667,0
0.7,0.916666667,0.083333333,0.01
0.7,0.916666667,0.125,0.02
0.7,0.916666667,0.166666667,0.03
0.7,0.916666667,0.208333333,0.04
0.7,0.916666667,0.25,0.06
0.7,0.916666667,0.291666667,0.07
0.7,0.916666667,0.333333333,0.09
0.7,0.916666667,0.375,0.11
0.7,0.916666667,0.416666667,0.12
0.7,0.916666667,0.458333333,0.14
0.7,0.916666667,0.5,0.16
0.7,0.916666667,0.541666667,0.18
0.7,0.916666667,0.583333333,0.2
0.7,0.916666667,0.625,0.21
0.7,0.916666667,0.666666667,0.23
0.7,0.916666667,0.708333333,0.25
0.7,0.916666667,0.75,0.27
0.7,0.916666667,0.791666667,0.29
0.7,0.916666667,0.833333333,0.3
0.7,0.916666667,0.875,0.32
0.7,0.916666667,0.916666667,0.34
0.7,0.916666667,0.958333333,0.35
0.7,0.916666667,1,0.37
0.7,1,0.041666667,0
0.7,1,0.083333333,0.01
0.7,1,0.125,0.02
0.7,1,0.166666667,0.03
0.7,1,0.208333333,0.04
0.7,1,0.25,0.05
0.7,1,0.291666667,0.06
0.7,1,0.333333333,0.07
0.7,1,0.375,0.09
0.7,1,0.416666667,0.1
0.7,1,0.458333333,0.12
0.7,1,0.5,0.13
0.7,1,0.541666667,0.15
0.7,1,0.583333333,0.17
0.7,1,0.625,0.18
0.7,1,0.666666667,0.2
0.7,1,0.708333333,0.21
0.7,1,0.75,0.23
0.7,1,0.791666667,0.25
0.7,1,0.833333333,0.26
0.7,1,0.875,0.28
0.7,1,0.916666667,0.29
0.7,1,0.958333333,0.31
0.7,1,1,0.32
0.75,0,0.041666667,0.03
0.75,0,0.083333333,0.1
0.75,0,0.125,0.19
0.75,0,0.166666667,0.29
0.75,0,0.208333333,0.38
0.75,0,0.25,0.46
0.75,0,0.291666667,0.54
0.75,0,0.333333333,0.6
0.75,0,0.375,0.65
0.75,0,0.416666667,0.69
0.75,0,0.458333333,0.73
0.75,0,0.5,0.76
0.75,0,0.541666667,0.79
0.75,0,0.583333333,0.81
0.75,0,0.625,0.83
0.75,0,0.666666667,0.84
0.75,0,0.708333333,0.86
0.75,0,0.75,0.87
0.75,0,0.791666667,0.88
0.75,0,0.833333333,0.89
0.75,0,0.875,0.9
0.75,0,0.916666667,0.91
0.75,0,0.958333333,0.91
0.75,0,1,0.92
0.75,0.083333333,0.041666667,0.03
0.75,0.083333333,0.083333333,0.09
0.75,0.083333333,0.125,0.17
0.75,0.083333333,0.166666667,0.26
0.75,0.083333333,0.208333333,0.35
0.75,0.083333333,0.25,0.43
0.75,0.083333333,0.291666667,0.5
0.75,0.083333333,0.333333333,0.56
0.75,0.083333333,0.375,0.61
0.75,0.083333333,0.416666667,0.66
0.75,0.083333333,0.458333333,0.7
0.75,0.083333333,0.5,0.73
0.75,0.083333333,0.541666667,0.76
0.75,0.083333333,0.583333333,0.78
0.75,0.083333333,0.625,0.8
0.75,0.083333333,0.666666667,0.82
0.75,0.083333333,0.708333333,0.84
0.75,0.083333333,0.75,0.85
0.75,0.083333333,0.791666667,0.86
0.75,0.083333333,0.833333333,0.88
0.75,0.083333333,0.875,0.89
0.75,0.083333333,0.916666667,0.89
0.75,0.083333333,0.958333333,0.9
0.75,0.083333333,1,0.91
0.75,0.166666667,0.041666667,0.02
0.75,0.166666667,0.083333333,0.08
0.75,0.166666667,0.125,0.15
0.75,0.166666667,0.166666667,0.23
0.75,0.166666667,0.208333333,0.31
0.75,0.166666667,0.25,0.39
0.75,0.166666667,0.291666667,0.46
0.75,0.166666667,0.333333333,0.52
0.75,0.166666667,0.375,0.58
0.75,0.166666667,0.416666667,0.62
0.75,0.166666667,0.458333333,0.66
0.75,0.166666667,0.5,0.7
0.75,0.166666667,0.541666667,0.73
0.75,0.166666667,0.583333333,0.76
0.75,0.166666667,0.625,0.78
0.75,0.166666667,0.666666667,0.8
0.75,0.166666667,0.708333333,0.82
0.75,0.166666667,0.75,0.83
0.75,0.166666667,0.791666667,0.85
0.75,0.166666667,0.833333333,0.86
0.75,0.166666667,0.875,0.87
0.75,0.166666667,0.916666667,0.88
0.75,0.166666667,0.958333333,0.89
0.75,0.166666667,1,0.9
0.75,0.25,0.041666667,0.02
0.75,0.25,0.083333333,0.07
0.75,0.25,0.125,0.13
0.75,0.25,0.166666667,0.21
0.75,0.25,0.208333333,0.28
0.75,0.25,0.25,0.35
0.75,0.25,0.291666667,0.42
0.75,0.25,0.333333333,0.48
0.75,0.25,0.375,0.54
0.75,0.25,0.416666667,0.59
0.75,0.25,0.458333333,0.63
0.75,0.25,0.5,0.67
0.75,0.25,0.541666667,0.7
0.75,0.25,0.583333333,0.73
0.75,0.25,0.625,0.75
0.75,0.25,0.666666667,0.77
0.75,0.25,0.708333333,0.79
0.75,0.25,0.75,0.81
0.75,0.25,0.791666667,0.83
0.75,0.25,0.833333333,0.84
0.75,0.25,0.875,0.85
0.75,0.25,0.916666667,0.86
0.75,0.25,0.958333333,0.87
0.75,0.25,1,0.88
0.75,0.333333333,0.041666667,0.02
0.75,0.333333333,0.083333333,0.06
0.75,0.333333333,0.125,0.12
0.75,0.333333333,0.166666667,0.18
0.75,0.333333333,0.208333333,0.25
0.75,0.333333333,0.25,0.32
0.75,0.333333333,0.291666667,0.39
0.75,0.333333333,0.333333333,0.45
0.75,0.333333333,0.375,0.5
0.75,0.333333333,0.416666667,0.55
0.75,0.333333333,0.458333333,0.59
0.75,0.333333333,0.5,0.63
0.75,0.333333333,0.541666667,0.67
0.75,0.333333333,0.583333333,0.7
0.75,0.333333333,0.625,0.72
0.75,0.333333333,0.666666667,0.75
0.75,0.333333333,0.708333333,0.77
0.75,0.333333333,0.75,0.79
0.75,0.333333333,0.791666667,0.8
0.75,0.333333333,0.833333333,0.82
0.75,0.333333333,0.875,0.83
0.75,0.333333333,0.916666667,0.84
0.75,0.333333333,0.958333333,0.85
0.75,0.333333333,1,0.86
0.75,0.416666667,0.041666667,0.02
0.75,0.416666667,0.083333333,0.05
0.75,0.416666667,0.125,0.1
0.75,0.416666667,0.166666667,0.16
0.75,0.416666667,0.208333333,0.22
0.75,0.416666667,0.25,0.29
0.75,0.416666667,0.291666667,0.35
0.75,0.416666667,0.333333333,0.41
0.75,0.416666667,0.375,0.46
0.75,0.416666667,0.416666667,0.51
0.75,0.416666667,0.458333333,0.56
0.75,0.416666667,0.5,0.6
0.75,0.416666667,0.541666667,0.63
0.75,0.416666667,0.583333333,0.66
0.75,0.416666667,0.625,0.69
0.75,0.416666667,0.666666667,0.72
0.75,0.416666667,0.708333333,0.74
0.75,0.416666667,0.75,0.76
0.75,0.416666667,0.791666667,0.78
0.75,0.416666667,0.833333333,0.79
0.75,0.416666667,0.875,0.81
0.75,0.416666667,0.916666667,0.82
0.75,0.416666667,0.958333333,0.83
0.75,0.416666667,1,0.84
0.75,0.5,0.041666667,0.01
0.75,0.5,0.083333333,0.04
0.75,0.5,0.125,0.09
0.75,0.5,0.166666667,0.14
0.75,0.5,0.208333333,0.2
0.75,0.5,0.25,0.26
0.75,0.5,0.291666667,0.32
0.75,0.5,0.333333333,0.37
0.75,0.5,0.375,0.43
0.75,0.5,0.416666667,0.48
0.75,0.5,0.458333333,0.52
0.75,0.5,0.5,0.56
0.75,0.5,0.541666667,0.6
0.75,0.5,0.583333333,0.63
0.75,0.5,0.625,0.66
0.75,0.5,0.666666667,0.69
0.75,0.5,0.708333333,0.71
0.75,0.5,0.75,0.73
0.75,0.5,0.791666667,0.75
0.75,0.5,0.833333333,0.77
0.75,0.5,0.875,0.78
0.75,0.5,0.916666667,0.8
0.75,0.5,0.958333333,0.81
0.75,0.5,1,0.82
0.75,0.583333333,0.041666667,0.01
0.75,0.583333333,0.083333333,0.04
0.75,0.583333333,0.125,0.08
0.75,0.583333333,0.166666667,0.12
0.75,0.583333333,0.208333333,0.18
0.75,0.583333333,0.25,0.23
0.75,0.583333333,0.291666667,0.29
0.75,0.583333333,0.333333333,0.34
0.75,0.583333333,0.375,0.39
0.75,0.583333333,0.416666667,0.44
0.75,0.583333333,0.458333333,0.48
0.75,0.583333333,0.5,0.52
0.75,0.583333333,0.541666667,0.56
0.75,0.583333333,0.583333333,0.59
0.75,0.583333333,0.625,0.62
0.75,0.583333333,0.666666667,0.65
0.75,0.583333333,0.708333333,0.68
0.75,0.583333333,0.75,0.7
0.75,0.583333333,0.791666667,0.72
0.75,0.583333333,0.833333333,0.74
0.75,0.583333333,0.875,0.76
0.75,0.583333333,0.916666667,0.77
0.75,0.583333333,0.958333333,0.79
0.75,0.583333333,1,0.8
0.75,0.666666667,0.041666667,0.01
0.75,0.666666667,0.083333333,0.03
0.75,0.666666667,0.125,0.07
0.75,0.666666667,0.166666667,0.11
0.75,0.666666667,0.208333333,0.16
0.75,0.666666667,0.25,0.21
0.75,0.666666667,0.291666667,0.26
0.75,0.666666667,0.333333333,0.31
0.75,0.666666667,0.375,0.35
0.75,0.666666667,0.416666667,0.4
0.75,0.666666667,0.458333333,0.44
0.75,0.666666667,0.5,0.48
0.75,0.666666667,0.541666667,0.52
0.75,0.666666667,0.583333333,0.56
0.75,0.666666667,0.625,0.59
0.75,0.666666667,0.666666667,0.62
0.75,0.666666667,0.708333333,0.64
0.75,0.666666667,0.75,0.67
0.75,0.666666667,0.791666667,0.69
0.75,0.666666667,0.833333333,0.71
0.75,0.666666667,0.875,0.73
0.75,0.666666667,0.916666667,0.75
0.75,0.666666667,0.958333333,0.76
0.75,0.666666667,1,0.78
0.75,0.75,0.041666667,0.01
0.75,0.75,0.083333333,0.03
0.75,0.75,0.125,0.06
0.75,0.75,0.166666667,0.1
0.75,0.75,0.208333333,0.14
0.75,0.75,0.25,0.18
0.75,0.75,0.291666667,0.23
0.75,0.75,0.333333333,0.28
0.75,0.75,0.375,0.32
0.75,0.75,0.416666667,0.37
0.75,0.75,0.458333333,0.41
0.75,0.75,0.5,0.45
0.75,0.75,0.541666667,0.48
0.75,0.75,0.583333333,0.52
0.75,0.75,0.625,0.55
0.75,0.75,0.666666667,0.58
0.75,0.75,0.708333333,0.61
0.75,0.75,0.75,0.63
0.75,0.75,0.791666667,0.66
0.75,0.75,0.833333333,0.68
0.75,0.75,0.875,0.7
0.75,0.75,0.916666667,0.72
0.75,0.75,0.958333333,0.73
0.75,0.75,1,0.75
0.75,0.833333333,0.041666667,0.01
0.75,0.833333333,0.083333333,0.02
0.75,0.833333333,0.125,0.05
0.75,0.833333333,0.166666667,0.08
0.75,0.833333333,0.208333333,0.12
0.75,0.833333333,0.25,0.16
0.75,0.833333333,0.291666667,0.2
0.75,0.833333333,0.333333333,0.25
0.75,0.833333333,0.375,0.29
0.75,0.833333333,0.416666667,0.33
0.75,0.833333333,0.458333333,0.37
0.75,0.833333333,0.5,0.41
0.75,0.833333333,0.541666667,0.45
0.75,0.833333333,0.583333333,0.48
0.75,0.833333333,0.625,0.51
0.75,0.833333333,0.666666667,0.54
0.75,0.833333333,0.708333333,0.57
0.75,0.833333333,0.75,0.6
0.75,0.833333333,0.791666667,0.62
0.75,0.833333333,0.833333333,0.64
0.75,0.833333333,0.875,0.67
0.75,0.833333333,0.916666667,0.68
0.75,0.833333333,0.958333333,0.7
0.75,0.833333333,1,0.72
0.75,0.916666667,0.041666667,0.01
0.75,0.916666667,0.083333333,0.02
0.75,0.916666667,0.125,0.04
0.75,0.916666667,0.166666667,0.07
0.75,0.916666667,0.208333333,0.1
0.75,0.916666667,0.25,0.14
0.75,0.916666667,0.291666667,0.18
0.75,0.916666667,0.333333333,0.22
0.75,0.916666667,0.375,0.26
0.75,0.916666667,0.416666667,0.3
0.75,0.916666667,0.458333333,0.34
0.75,0.916666667,0.5,0.37
0.75,0.916666667,0.541666667,0.41
0.75,0.916666667,0.583333333,0.44
0.75,0.916666667,0.625,0.48
0.75,0.916666667,0.666666667,0.51
0.75,0.916666667,0.708333333,0.53
0.75,0.916666667,0.75,0.56
0.75,0.916666667,0.791666667,0.59
0.75,0.916666667,0.833333333,0.61
0.75,0.916666667,0.875,0.63
0.75,0.916666667,0.916666667,0.65
0.75,0.916666667,0.958333333,0.67
0.75,0.916666667,1,0.69
0.75,1,0.041666667,0.01
0.75,1,0.083333333,0.02
0.75,1,0.125,0.04
0.75,1,0.166666667,0.06
0.75,1,0.208333333,0.09
0.75,1,0.25,0.12
0.75,1,0.291666667,0.16
0.75,1,0.333333333,0.19
0.75,1,0.375,0.23
0.75,1,0.416666667,0.27
0.75,1,0.458333333,0.3
0.75,1,0.5,0.34
0.75,1,0.541666667,0.37
0.75,1,0.583333333,0.41
0.75,1,0.625,0.44
0.75,1,0.666666667,0.47
0.75,1,0.708333333,0.5
0.75,1,0.75,0.52
0.75,1,0.791666667,0.55
0.75,1,0.833333333,0.57
0.75,1,0.875,0.6
0.75,1,0.916666667,0.62
0.75,1,0.958333333,0.64
0.75,1,1,0.65
0.8,0,0.041666667,0.04
0.8,0,0.083333333,0.13
0.8,0,0.125,0.23
0.8,0,0.166666667,0.34
0.8,0,0.208333333,0.44
0.8,0,0.25,0.52
0.8,0,0.291666667,0.59
0.8,0,0.333333333,0.65
0.8,0,0.375,0.7
0.8,0,0.416666667,0.74
0.8,0,0.458333333,0.77
0.8,0,0.5,0.8
0.8,0,0.541666667,0.82
0.8,0,0.583333333,0.84
0.8,0,0.625,0.86
0.8,0,0.666666667,0.87
0.8,0,0.708333333,0.88
0.8,0,0.75,0.89
0.8,0,0.791666667,0.9
0.8,0,0.833333333,0.91
0.8,0,0.875,0.92
0.8,0,0.916666667,0.92
0.8,0,0.958333333,0.93
0.8,0,1,0.94
0.8,0.083333333,0.041666667,0.04
0.8,0.083333333,0.083333333,0.11
0.8,0.083333333,0.125,0.21
0.8,0.083333333,0.166666667,0.31
0.8,0.083333333,0.208333333,0.4
0.8,0.083333333,0.25,0.48
0.8,0.083333333,0.291666667,0.55
0.8,0.083333333,0.333333333,0.61
0.8,0.083333333,0.375,0.67
0.8,0.083333333,0.416666667,0.71
0.8,0.083333333,0.458333333,0.74
0.8,0.083333333,0.5,0.77
0.8,0.083333333,0.541666667,0.8
0.8,0.083333333,0.583333333,0.82
0.8,0.083333333,0.625,0.84
0.8,0.083333333,0.666666667,0.85
0.8,0.083333333,0.708333333,0.87
0.8,0.083333333,0.75,0.88
0.8,0.083333333,0.791666667,0.89
0.8,0.083333333,0.833333333,0.9
0.8,0.083333333,0.875,0.91
0.8,0.083333333,0.916666667,0.91
0.8,0.083333333,0.958333333,0.92
0.8,0.083333333,1,0.93
0.8,0.166666667,0.041666667,0.03
0.8,0.166666667,0.083333333,0.1
0.8,0.166666667,0.125,0.18
0.8,0.166666667,0.166666667,0.28
0.8,0.166666667,0.208333333,0.36
0.8,0.166666667,0.25,0.45
0.8,0.166666667,0.291666667,0.52
0.8,0.166666667,0.333333333,0.58
0.8,0.166666667,0.375,0.63
0.8,0.166666667,0.416666667,0.68
0.8,0.166666667,0.458333333,0.71
0.8,0.166666667,0.5,0.75
0.8,0.166666667,0.541666667,0.77
0.8,0.166666667,0.583333333,0.8
0.8,0.166666667,0.625,0.82
0.8,0.166666667,0.666666667,0.83
0.8,0.166666667,0.708333333,0.85
0.8,0.166666667,0.75,0.86
0.8,0.166666667,0.791666667,0.87
0.8,0.166666667,0.833333333,0.88
0.8,0.166666667,0.875,0.89
0.8,0.166666667,0.916666667,0.9
0.8,0.166666667,0.958333333,0.91
0.8,0.166666667,1,0.91
0.8,0.25,0.041666667,0.03
0.8,0.25,0.083333333,0.08
0.8,0.25,0.125,0.16
0.8,0.25,0.166666667,0.25
0.8,0.25,0.208333333,0.33
0.8,0.25,0.25,0.41
0.8,0.25,0.291666667,0.48
0.8,0.25,0.333333333,0.54
0.8,0.25,0.375,0.6
0.8,0.25,0.416666667,0.64
0.8,0.25,0.458333333,0.68
0.8,0.25,0.5,0.72
0.8,0.25,0.541666667,0.75
0.8,0.25,0.583333333,0.77
0.8,0.25,0.625,0.79
0.8,0.25,0.666666667,0.81
0.8,0.25,0.708333333,0.83
0.8,0.25,0.75,0.84
0.8,0.25,0.791666667,0.86
0.8,0.25,0.833333333,0.87
0.8,0.25,0.875,0.88
0.8,0.25,0.916666667,0.89
0.8,0.25,0.958333333,0.89
0.8,0.25,1,0.9
0.8,0.333333333,0.041666667,0.02
0.8,0.333333333,0.083333333,0.07
0.8,0.333333333,0.125,0.14
0.8,0.333333333,0.166666667,0.22
0.8,0.333333333,0.208333333,0.3
0.8,0.333333333,0.25,0.37
0.8,0.333333333,0.291666667,0.44
0.8,0.333333333,0.333333333,0.5
0.8,0.333333333,0.375,0.56
0.8,0.333333333,0.416666667,0.61
0.8,0.333333333,0.458333333,0.65
0.8,0.333333333,0.5,0.68
0.8,0.333333333,0.541666667,0.72
0.8,0.333333333,0.583333333,0.74
0.8,0.333333333,0.625,0.77
0.8,0.333333333,0.666666667,0.79
0.8,0.333333333,0.708333333,0.81
0.8,0.333333333,0.75,0.82
0.8,0.333333333,0.791666667,0.84
0.8,0.333333333,0.833333333,0.85
0.8,0.333333333,0.875,0.86
0.8,0.333333333,0.916666667,0.87
0.8,0.333333333,0.958333333,0.88
0.8,0.333333333,1,0.89
0.8,0.416666667,0.041666667,0.02
0.8,0.416666667,0.083333333,0.06
0.8,0.416666667,0.125,0.12
0.8,0.416666667,0.166666667,0.19
0.8,0.416666667,0.208333333,0.27
0.8,0.416666667,0.25,0.34
0.8,0.416666667,0.291666667,0.4
0.8,0.416666667,0.333333333,0.47
0.8,0.416666667,0.375,0.52
0.8,0.416666667,0.416666667,0.57
0.8,0.416666667,0.458333333,0.61
0.8,0.416666667,0.5,0.65
0.8,0.416666667,0.541666667,0.68
0.8,0.416666667,0.583333333,0.71
0.8,0.416666667,0.625,0.74
0.8,0.416666667,0.666666667,0.76
0.8,0.416666667,0.708333333,0.78
0.8,0.416666667,0.75,0.8
0.8,0.416666667,0.791666667,0.81
0.8,0.416666667,0.833333333,0.83
0.8,0.416666667,0.875,0.84
0.8,0.416666667,0.916666667,0.85
0.8,0.416666667,0.958333333,0.86
0.8,0.416666667,1,0.87
0.8,0.5,0.041666667,0.02
0.8,0.5,0.083333333,0.06
0.8,0.5,0.125,0.11
0.8,0.5,0.166666667,0.17
0.8,0.5,0.208333333,0.24
0.8,0.5,0.25,0.31
0.8,0.5,0.291666667,0.37
0.8,0.5,0.333333333,0.43
0.8,0.5,0.375,0.48
0.8,0.5,0.416666667,0.53
0.8,0.5,0.458333333,0.58
0.8,0.5,0.5,0.62
0.8,0.5,0.541666667,0.65
0.8,0.5,0.583333333,0.68
0.8,0.5,0.625,0.71
0.8,0.5,0.666666667,0.73
0.8,0.5,0.708333333,0.75
0.8,0.5,0.75,0.77
0.8,0.5,0.791666667,0.79
0.8,0.5,0.833333333,0.81
0.8,0.5,0.875,0.82
0.8,0.5,0.916666667,0.83
0.8,0.5,0.958333333,0.84
0.8,0.5,1,0.85
0.8,0.583333333,0.041666667,0.01
0.8,0.583333333,0.083333333,0.05
0.8,0.583333333,0.125,0.1
0.8,0.583333333,0.166666667,0.15
0.8,0.583333333,0.208333333,0.21
0.8,0.583333333,0.25,0.27
0.8,0.583333333,0.291666667,0.33
0.8,0.583333333,0.333333333,0.39
0.8,0.583333333,0.375,0.45
0.8,0.583333333,0.416666667,0.49
0.8,0.583333333,0.458333333,0.54
0.8,0.583333333,0.5,0.58
0.8,0.583333333,0.541666667,0.62
0.8,0.583333333,0.583333333,0.65
0.8,0.583333333,0.625,0.68
0.8,0.583333333,0.666666667,0.7
0.8,0.583333333,0.708333333,0.73
0.8,0.583333333,0.75,0.75
0.8,0.583333333,0.791666667,0.76
0.8,0.583333333,0.833333333,0.78
0.8,0.583333333,0.875,0.8
0.8,0.583333333,0.916666667,0.81
0.8,0.583333333,0.958333333,0.82
0.8,0.583333333,1,0.83
0.8,0.666666667,0.041666667,0.01
0.8,0.666666667,0.083333333,0.04
0.8,0.666666667,0.125,0.08
0.8,0.666666667,0.166666667,0.13
0.8,0.666666667,0.208333333,0.19
0.8,0.666666667,0.25,0.25
0.8,0.666666667,0.291666667,0.3
0.8,0.666666667,0.333333333,0.36
0.8,0.666666667,0.375,0.41
0.8,0.666666667,0.416666667,0.46
0.8,0.666666667,0.458333333,0.5
0.8,0.666666667,0.5,0.54
0.8,0.666666667,0.541666667,0.58
0.8,0.666666667,0.583333333,0.61
0.8,0.666666667,0.625,0.64
0.8,0.666666667,0.666666667,0.67
0.8,0.666666667,0.708333333,0.69
0.8,0.666666667,0.75,0.72
0.8,0.666666667,0.791666667,0.74
0.8,0.666666667,0.833333333,0.76
0.8,0.666666667,0.875,0.77
0.8,0.666666667,0.916666667,0.79
0.8,0.666666667,0.958333333,0.8
0.8,0.666666667,1,0.81
0.8,0.75,0.041666667,0.01
0.8,0.75,0.083333333,0.04
0.8,0.75,0.125,0.07
0.8,0.75,0.166666667,0.12
0.8,0.75,0.208333333,0.17
0.8,0.75,0.25,0.22
0.8,0.75,0.291666667,0.27
0.8,0.75,0.333333333,0.32
0.8,0.75,0.375,0.37
0.8,0.75,0.416666667,0.42
0.8,0.75,0.458333333,0.46
0.8,0.75,0.5,0.5
0.8,0.75,0.541666667,0.54
0.8,0.75,0.583333333,0.58
0.8,0.75,0.625,0.61
0.8,0.75,0.666666667,0.64
0.8,0.75,0.708333333,0.66
0.8,0.75,0.75,0.69
0.8,0.75,0.791666667,0.71
0.8,0.75,0.833333333,0.73
0.8,0.75,0.875,0.74
0.8,0.75,0.916666667,0.76
0.8,0.75,0.958333333,0.78
0.8,0.75,1,0.79
0.8,0.833333333,0.041666667,0.01
0.8,0.833333333,0.083333333,0.03
0.8,0.833333333,0.125,0.06
0.8,0.833333333,0.166666667,0.1
0.8,0.833333333,0.208333333,0.15
0.8,0.833333333,0.25,0.19
0.8,0.833333333,0.291666667,0.24
0.8,0.833333333,0.333333333,0.29
0.8,0.833333333,0.375,0.34
0.8,0.833333333,0.416666667,0.38
0.8,0.833333333,0.458333333,0.43
0.8,0.833333333,0.5,0.47
0.8,0.833333333,0.541666667,0.5
0.8,0.833333333,0.583333333,0.54
0.8,0.833333333,0.625,0.57
0.8,0.833333333,0.666666667,0.6
0.8,0.833333333,0.708333333,0.63
0.8,0.833333333,0.75,0.65
0.8,0.833333333,0.791666667,0.67
0.8,0.833333333,0.833333333,0.7
0.8,0.833333333,0.875,0.71
0.8,0.833333333,0.916666667,0.73
0.8,0.833333333,0.958333333,0.75
0.8,0.833333333,1,0.76
0.8,0.916666667,0.041666667,0.01
0.8,0.916666667,0.083333333,0.03
0.8,0.916666667,0.125,0.05
0.8,0.916666667,0.166666667,0.09
0.8,0.916666667,0.208333333,0.13
0.8,0.916666667,0.25,0.17
0.8,0.916666667,0.291666667,0.22
0.8,0.916666667,0.333333333,0.26
0.8,0.916666667,0.375,0.31
0.8,0.916666667,0.416666667,0.35
0.8,0.916666667,0.458333333,0.39
0.8,0.916666667,0.5,0.43
0.8,0.916666667,0.541666667,0.47
0.8,0.916666667,0.583333333,0.5
0.8,0.916666667,0.625,0.53
0.8,0.916666667,0.666666667,0.56
0.8,0.916666667,0.708333333,0.59
0.8,0.916666667,0.75,0.62
0.8,0.916666667,0.791666667,0.64
0.8,0.916666667,0.833333333,0.66
0.8,0.916666667,0.875,0.68
0.8,0.916666667,0.916666667,0.7
0.8,0.916666667,0.958333333,0.72
0.8,0.916666667,1,0.73
0.8,1,0.041666667,0.01
0.8,1,0.083333333,0.02
0.8,1,0.125,0.05
0.8,1,0.166666667,0.08
0.8,1,0.208333333,0.11
0.8,1,0.25,0.15
0.8,1,0.291666667,0.19
0.8,1,0.333333333,0.23
0.8,1,0.375,0.27
0.8,1,0.416666667,0.32
0.8,1,0.458333333,0.35
0.8,1,0.5,0.39
0.8,1,0.541666667,0.43
0.8,1,0.583333333,0.46
0.8,1,0.625,0.5
0.8,1,0.666666667,0.53
0.8,1,0.708333333,0.55
0.8,1,0.75,0.58
0.8,1,0.791666667,0.6
0.8,1,0.833333333,0.63
0.8,1,0.875,0.65
0.8,1,0.916666667,0.67
0.8,1,0.958333333,0.69
0.8,1,1,0.7
0.85,0,0.041666667,0.05
0.85,0,0.083333333,0.15
0.85,0,0.125,0.28
0.85,0,0.166666667,0.39
0.85,0,0.208333333,0.49
0.85,0,0.25,0.58
0.85,0,0.291666667,0.65
0.85,0,0.333333333,0.7
0.85,0,0.375,0.74
0.85,0,0.416666667,0.78
0.85,0,0.458333333,0.81
0.85,0,0.5,0.83
0.85,0,0.541666667,0.85
0.85,0,0.583333333,0.87
0.85,0,0.625,0.88
0.85,0,0.666666667,0.9
0.85,0,0.708333333,0.91
0.85,0,0.75,0.91
0.85,0,0.791666667,0.92
0.85,0,0.833333333,0.93
0.85,0,0.875,0.93
0.85,0,0.916666667,0.94
0.85,0,0.958333333,0.94
0.85,0,1,0.95
0.85,0.083333333,0.041666667,0.04
0.85,0.083333333,0.083333333,0.14
0.85,0.083333333,0.125,0.25
0.85,0.083333333,0.166666667,0.36
0.85,0.083333333,0.208333333,0.46
0.85,0.083333333,0.25,0.54
0.85,0.083333333,0.291666667,0.61
0.85,0.083333333,0.333333333,0.67
0.85,0.083333333,0.375,0.71
0.85,0.083333333,0.416666667,0.75
0.85,0.083333333,0.458333333,0.78
0.85,0.083333333,0.5,0.81
0.85,0.083333333,0.541666667,0.83
0.85,0.083333333,0.583333333,0.85
0.85,0.083333333,0.625,0.87
0.85,0.083333333,0.666666667,0.88
0.85,0.083333333,0.708333333,0.89
0.85,0.083333333,0.75,0.9
0.85,0.083333333,0.791666667,0.91
0.85,0.083333333,0.833333333,0.92
0.85,0.083333333,0.875,0.92
0.85,0.083333333,0.916666667,0.93
0.85,0.083333333,0.958333333,0.94
0.85,0.083333333,1,0.94
0.85,0.166666667,0.041666667,0.04
0.85,0.166666667,0.083333333,0.12
0.85,0.166666667,0.125,0.22
0.85,0.166666667,0.166666667,0.32
0.85,0.166666667,0.208333333,0.42
0.85,0.166666667,0.25,0.5
0.85,0.166666667,0.291666667,0.57
0.85,0.166666667,0.333333333,0.63
0.85,0.166666667,0.375,0.68
0.85,0.166666667,0.416666667,0.72
0.85,0.166666667,0.458333333,0.76
0.85,0.166666667,0.5,0.79
0.85,0.166666667,0.541666667,0.81
0.85,0.166666667,0.583333333,0.83
0.85,0.166666667,0.625,0.85
0.85,0.166666667,0.666666667,0.86
0.85,0.166666667,0.708333333,0.88
0.85,0.166666667,0.75,0.89
0.85,0.166666667,0.791666667,0.9
0.85,0.166666667,0.833333333,0.91
0.85,0.166666667,0.875,0.91
0.85,0.166666667,0.916666667,0.92
0.85,0.166666667,0.958333333,0.93
0.85,0.166666667,1,0.93
0.85,0.25,0.041666667,0.03
0.85,0.25,0.083333333,0.1
0.85,0.25,0.125,0.2
0.85,0.25,0.166666667,0.29
0.85,0.25,0.208333333,0.38
0.85,0.25,0.25,0.47
0.85,0.25,0.291666667,0.54
0.85,0.25,0.333333333,0.6
0.85,0.25,0.375,0.65
0.85,0.25,0.416666667,0.69
0.85,0.25,0.458333333,0.73
0.85,0.25,0.5,0.76
0.85,0.25,0.541666667,0.79
0.85,0.25,0.583333333,0.81
0.85,0.25,0.625,0.83
0.85,0.25,0.666666667,0.84
0.85,0.25,0.708333333,0.86
0.85,0.25,0.75,0.87
0.85,0.25,0.791666667,0.88
0.85,0.25,0.833333333,0.89
0.85,0.25,0.875,0.9
0.85,0.25,0.916666667,0.91
0.85,0.25,0.958333333,0.91
0.85,0.25,1,0.92
0.85,0.333333333,0.041666667,0.03
0.85,0.333333333,0.083333333,0.09
0.85,0.333333333,0.125,0.17
0.85,0.333333333,0.166666667,0.26
0.85,0.333333333,0.208333333,0.35
0.85,0.333333333,0.25,0.43
0.85,0.333333333,0.291666667,0.5
0.85,0.333333333,0.333333333,0.56
0.85,0.333333333,0.375,0.61
0.85,0.333333333,0.416666667,0.66
0.85,0.333333333,0.458333333,0.7
0.85,0.333333333,0.5,0.73
0.85,0.333333333,0.541666667,0.76
0.85,0.333333333,0.583333333,0.78
0.85,0.333333333,0.625,0.81
0.85,0.333333333,0.666666667,0.82
0.85,0.333333333,0.708333333,0.84
0.85,0.333333333,0.75,0.85
0.85,0.333333333,0.791666667,0.87
0.85,0.333333333,0.833333333,0.88
0.85,0.333333333,0.875,0.89
0.85,0.333333333,0.916666667,0.89
0.85,0.333333333,0.958333333,0.9
0.85,0.333333333,1,0.91
0.85,0.416666667,0.041666667,0.02
0.85,0.416666667,0.083333333,0.08
0.85,0.416666667,0.125,0.15
0.85,0.416666667,0.166666667,0.23
0.85,0.416666667,0.208333333,0.32
0.85,0.416666667,0.25,0.39
0.85,0.416666667,0.291666667,0.46
0.85,0.416666667,0.333333333,0.52
0.85,0.416666667,0.375,0.58
0.85,0.416666667,0.416666667,0.63
0.85,0.416666667,0.458333333,0.67
0.85,0.416666667,0.5,0.7
0.85,0.416666667,0.541666667,0.73
0.85,0.416666667,0.583333333,0.76
0.85,0.416666667,0.625,0.78
0.85,0.416666667,0.666666667,0.8
0.85,0.416666667,0.708333333,0.82
0.85,0.416666667,0.75,0.83
0.85,0.416666667,0.791666667,0.85
0.85,0.416666667,0.833333333,0.86
0.85,0.416666667,0.875,0.87
0.85,0.416666667,0.916666667,0.88
0.85,0.416666667,0.958333333,0.89
0.85,0.416666667,1,0.9
0.85,0.5,0.041666667,0.02
0.85,0.5,0.083333333,0.07
0.85,0.5,0.125,0.13
0.85,0.5,0.166666667,0.21
0.85,0.5,0.208333333,0.28
0.85,0.5,0.25,0.36
0.85,0.5,0.291666667,0.42
0.85,0.5,0.333333333,0.49
0.85,0.5,0.375,0.54
0.85,0.5,0.416666667,0.59
0.85,0.5,0.458333333,0.63
0.85,0.5,0.5,0.67
0.85,0.5,0.541666667,0.7
0.85,0.5,0.583333333,0.73
0.85,0.5,0.625,0.75
0.85,0.5,0.666666667,0.78
0.85,0.5,0.708333333,0.79
0.85,0.5,0.75,0.81
0.85,0.5,0.791666667,0.83
0.85,0.5,0.833333333,0.84
0.85,0.5,0.875,0.85
0.85,0.5,0.916666667,0.86
0.85,0.5,0.958333333,0.87
0.85,0.5,1,0.88
0.85,0.583333333,0.041666667,0.02
0.85,0.583333333,0.083333333,0.06
0.85,0.583333333,0.125,0.12
0.85,0.583333333,0.166666667,0.18
0.85,0.583333333,0.208333333,0.25
0.85,0.583333333,0.25,0.32
0.85,0.583333333,0.291666667,0.39
0.85,0.583333333,0.333333333,0.45
0.85,0.583333333,0.375,0.5
0.85,0.583333333,0.416666667,0.55
0.85,0.583333333,0.458333333,0.6
0.85,0.583333333,0.5,0.63
0.85,0.583333333,0.541666667,0.67
0.85,0.583333333,0.583333333,0.7
0.85,0.583333333,0.625,0.72
0.85,0.583333333,0.666666667,0.75
0.85,0.583333333,0.708333333,0.77
0.85,0.583333333,0.75,0.79
0.85,0.583333333,0.791666667,0.8
0.85,0.583333333,0.833333333,0.82
0.85,0.583333333,0.875,0.83
0.85,0.583333333,0.916666667,0.84
0.85,0.583333333,0.958333333,0.85
0.85,0.583333333,1,0.86
0.85,0.666666667,0.041666667,0.02
0.85,0.666666667,0.083333333,0.05
0.85,0.666666667,0.125,0.1
0.85,0.666666667,0.166666667,0.16
0.85,0.666666667,0.208333333,0.23
0.85,0.666666667,0.25,0.29
0.85,0.666666667,0.291666667,0.35
0.85,0.666666667,0.333333333,0.41
0.85,0.666666667,0.375,0.47
0.85,0.666666667,0.416666667,0.51
0.85,0.666666667,0.458333333,0.56
0.85,0.666666667,0.5,0.6
0.85,0.666666667,0.541666667,0.63
0.85,0.666666667,0.583333333,0.67
0.85,0.666666667,0.625,0.69
0.85,0.666666667,0.666666667,0.72
0.85,0.666666667,0.708333333,0.74
0.85,0.666666667,0.75,0.76
0.85,0.666666667,0.791666667,0.78
0.85,0.666666667,0.833333333,0.8
0.85,0.666666667,0.875,0.81
0.85,0.666666667,0.916666667,0.82
0.85,0.666666667,0.958333333,0.83
0.85,0.666666667,1,0.85
0.85,0.75,0.041666667,0.01
0.85,0.75,0.083333333,0.05
0.85,0.75,0.125,0.09
0.85,0.75,0.166666667,0.14
0.85,0.75,0.208333333,0.2
0.85,0.75,0.25,0.26
0.85,0.75,0.291666667,0.32
0.85,0.75,0.333333333,0.38
0.85,0.75,0.375,0.43
0.85,0.75,0.416666667,0.48
0.85,0.75,0.458333333,0.52
0.85,0.75,0.5,0.56
0.85,0.75,0.541666667,0.6
0.85,0.75,0.583333333,0.63
0.85,0.75,0.625,0.66
0.85,0.75,0.666666667,0.69
0.85,0.75,0.708333333,0.71
0.85,0.75,0.75,0.73
0.85,0.75,0.791666667,0.75
0.85,0.75,0.833333333,0.77
0.85,0.75,0.875,0.79
0.85,0.75,0.916666667,0.8
0.85,0.75,0.958333333,0.81
0.85,0.75,1,0.82
0.85,0.833333333,0.041666667,0.01
0.85,0.833333333,0.083333333,0.04
0.85,0.833333333,0.125,0.08
0.85,0.833333333,0.166666667,0.13
0.85,0.833333333,0.208333333,0.18
0.85,0.833333333,0.25,0.23
0.85,0.833333333,0.291666667,0.29
0.85,0.833333333,0.333333333,0.34
0.85,0.833333333,0.375,0.39
0.85,0.833333333,0.416666667,0.44
0.85,0.833333333,0.458333333,0.48
0.85,0.833333333,0.5,0.52
0.85,0.833333333,0.541666667,0.56
0.85,0.833333333,0.583333333,0.6
0.85,0.833333333,0.625,0.63
0.85,0.833333333,0.666666667,0.65
0.85,0.833333333,0.708333333,0.68
0.85,0.833333333,0.75,0.7
0.85,0.833333333,0.791666667,0.72
0.85,0.833333333,0.833333333,0.74
0.85,0.833333333,0.875,0.76
0.85,0.833333333,0.916666667,0.77
0.85,0.833333333,0.958333333,0.79
0.85,0.833333333,1,0.8
0.85,0.916666667,0.041666667,0.01
0.85,0.916666667,0.083333333,0.03
0.85,0.916666667,0.125,0.07
0.85,0.916666667,0.166666667,0.11
0.85,0.916666667,0.208333333,0.16
0.85,0.916666667,0.25,0.21
0.85,0.916666667,0.291666667,0.26
0.85,0.916666667,0.333333333,0.31
0.85,0.916666667,0.375,0.36
0.85,0.916666667,0.416666667,0.4
0.85,0.916666667,0.458333333,0.45
0.85,0.916666667,0.5,0.49
0.85,0.916666667,0.541666667,0.52
0.85,0.916666667,0.583333333,0.56
0.85,0.916666667,0.625,0.59
0.85,0.916666667,0.666666667,0.62
0.85,0.916666667,0.708333333,0.65
0.85,0.916666667,0.75,0.67
0.85,0.916666667,0.791666667,0.69
0.85,0.916666667,0.833333333,0.71
0.85,0.916666667,0.875,0.73
0.85,0.916666667,0.916666667,0.75
0.85,0.916666667,0.958333333,0.76
0.85,0.916666667,1,0.78
0.85,1,0.041666667,0.01
0.85,1,0.083333333,0.03
0.85,1,0.125,0.06
0.85,1,0.166666667,0.1
0.85,1,0.208333333,0.14
0.85,1,0.25,0.18
0.85,1,0.291666667,0.23
0.85,1,0.333333333,0.28
0.85,1,0.375,0.32
0.85,1,0.416666667,0.37
0.85,1,0.458333333,0.41
0.85,1,0.5,0.45
0.85,1,0.541666667,0.49
0.85,1,0.583333333,0.52
0.85,1,0.625,0.55
0.85,1,0.666666667,0.58
0.85,1,0.708333333,0.61
0.85,1,0.75,0.64
0.85,1,0.791666667,0.66
0.85,1,0.833333333,0.68
0.85,1,0.875,0.7
0.85,1,0.916666667,0.72
0.85,1,0.958333333,0.73
0.85,1,1,0.75
0.9,0,0.041666667,0.1
0.9,0,0.083333333,0.28
0.9,0,0.125,0.45
0.9,0,0.166666667,0.58
0.9,0,0.208333333,0.67
0.9,0,0.25,0.74
0.9,0,0.291666667,0.79
0.9,0,0.333333333,0.83
0.9,0,0.375,0.86
0.9,0,0.416666667,0.88
0.9,0,0.458333333,0.9
0.9,0,0.5,0.91
0.9,0,0.541666667,0.92
0.9,0,0.583333333,0.93
0.9,0,0.625,0.94
0.9,0,0.666666667,0.95
0.9,0,0.708333333,0.95
0.9,0,0.75,0.96
0.9,0,0.791666667,0.96
0.9,0,0.833333333,0.96
0.9,0,0.875,0.97
0.9,0,0.916666667,0.97
0.9,0,0.958333333,0.97
0.9,0,1,0.97
0.9,0.083333333,0.041666667,0.09
0.9,0.083333333,0.083333333,0.25
0.9,0.083333333,0.125,0.41
0.9,0.083333333,0.166666667,0.54
0.9,0.083333333,0.208333333,0.64
0.9,0.083333333,0.25,0.71
0.9,0.083333333,0.291666667,0.77
0.9,0.083333333,0.333333333,0.81
0.9,0.083333333,0.375,0.84
0.9,0.083333333,0.416666667,0.86
0.9,0.083333333,0.458333333,0.88
0.9,0.083333333,0.5,0.9
0.9,0.083333333,0.541666667,0.91
0.9,0.083333333,0.583333333,0.92
0.9,0.083333333,0.625,0.93
0.9,0.083333333,0.666666667,0.94
0.9,0.083333333,0.708333333,0.95
0.9,0.083333333,0.75,0.95
0.9,0.083333333,0.791666667,0.96
0.9,0.083333333,0.833333333,0.96
0.9,0.083333333,0.875,0.96
0.9,0.083333333,0.916666667,0.97
0.9,0.083333333,0.958333333,0.97
0.9,0.083333333,1,0.97
0.9,0.166666667,0.041666667,0.08
0.9,0.166666667,0.083333333,0.22
0.9,0.166666667,0.125,0.37
0.9,0.166666667,0.166666667,0.5
0.9,0.166666667,0.208333333,0.6
0.9,0.166666667,0.25,0.68
0.9,0.166666667,0.291666667,0.74
0.9,0.166666667,0.333333333,0.78
0.9,0.166666667,0.375,0.82
0.9,0.166666667,0.416666667,0.85
0.9,0.166666667,0.458333333,0.87
0.9,0.166666667,0.5,0.89
0.9,0.166666667,0.541666667,0.9
0.9,0.166666667,0.583333333,0.91
0.9,0.166666667,0.625,0.92
0.9,0.166666667,0.666666667,0.93
0.9,0.166666667,0.708333333,0.94
0.9,0.166666667,0.75,0.94
0.9,0.166666667,0.791666667,0.95
0.9,0.166666667,0.833333333,0.95
0.9,0.166666667,0.875,0.96
0.9,0.166666667,0.916666667,0.96
0.9,0.166666667,0.958333333,0.96
0.9,0.166666667,1,0.97
0.9,0.25,0.041666667,0.07
0.9,0.25,0.083333333,0.2
0.9,0.25,0.125,0.34
0.9,0.25,0.166666667,0.46
0.9,0.25,0.208333333,0.57
0.9,0.25,0.25,0.65
0.9,0.25,0.291666667,0.71
0.9,0.25,0.333333333,0.76
0.9,0.25,0.375,0.8
0.9,0.25,0.416666667,0.83
0.9,0.25,0.458333333,0.85
0.9,0.25,0.5,0.87
0.9,0.25,0.541666667,0.89
0.9,0.25,0.583333333,0.9
0.9,0.25,0.625,0.91
0.9,0.25,0.666666667,0.92
0.9,0.25,0.708333333,0.93
0.9,0.25,0.75,0.93
0.9,0.25,0.791666667,0.94
0.9,0.25,0.833333333,0.95
0.9,0.25,0.875,0.95
0.9,0.25,0.916666667,0.95
0.9,0.25,0.958333333,0.96
0.9,0.25,1,0.96
0.9,0.333333333,0.041666667,0.06
0.9,0.333333333,0.083333333,0.17
0.9,0.333333333,0.125,0.3
0.9,0.333333333,0.166666667,0.43
0.9,0.333333333,0.208333333,0.53
0.9,0.333333333,0.25,0.61
0.9,0.333333333,0.291666667,0.68
0.9,0.333333333,0.333333333,0.73
0.9,0.333333333,0.375,0.77
0.9,0.333333333,0.416666667,0.8
0.9,0.333333333,0.458333333,0.83
0.9,0.333333333,0.5,0.85
0.9,0.333333333,0.541666667,0.87
0.9,0.333333333,0.583333333,0.88
0.9,0.333333333,0.625,0.9
0.9,0.333333333,0.666666667,0.91
0.9,0.333333333,0.708333333,0.92
0.9,0.333333333,0.75,0.92
0.9,0.333333333,0.791666667,0.93
0.9,0.333333333,0.833333333,0.94
0.9,0.333333333,0.875,0.94
0.9,0.333333333,0.916666667,0.95
0.9,0.333333333,0.958333333,0.95
0.9,0.333333333,1,0.95
0.9,0.416666667,0.041666667,0.05
0.9,0.416666667,0.083333333,0.15
0.9,0.416666667,0.125,0.27
0.9,0.416666667,0.166666667,0.39
0.9,0.416666667,0.208333333,0.49
0.9,0.416666667,0.25,0.57
0.9,0.416666667,0.291666667,0.64
0.9,0.416666667,0.333333333,0.7
0.9,0.416666667,0.375,0.74
0.9,0.416666667,0.416666667,0.78
0.9,0.416666667,0.458333333,0.81
0.9,0.416666667,0.5,0.83
0.9,0.416666667,0.541666667,0.85
0.9,0.416666667,0.583333333,0.87
0.9,0.416666667,0.625,0.88
0.9,0.416666667,0.666666667,0.89
0.9,0.416666667,0.708333333,0.9
0.9,0.416666667,0.75,0.91
0.9,0.416666667,0.791666667,0.92
0.9,0.416666667,0.833333333,0.93
0.9,0.416666667,0.875,0.93
0.9,0.416666667,0.916666667,0.94
0.9,0.416666667,0.958333333,0.94
0.9,0.416666667,1,0.95
0.9,0.5,0.041666667,0.04
0.9,0.5,0.083333333,0.13
0.9,0.5,0.125,0.24
0.9,0.5,0.166666667,0.35
0.9,0.5,0.208333333,0.45
0.9,0.5,0.25,0.54
0.9,0.5,0.291666667,0.61
0.9,0.5,0.333333333,0.67
0.9,0.5,0.375,0.71
0.9,0.5,0.416666667,0.75
0.9,0.5,0.458333333,0.78
0.9,0.5,0.5,0.81
0.9,0.5,0.541666667,0.83
0.9,0.5,0.583333333,0.85
0.9,0.5,0.625,0.87
0.9,0.5,0.666666667,0.88
0.9,0.5,0.708333333,0.89
0.9,0.5,0.75,0.9
0.9,0.5,0.791666667,0.91
0.9,0.5,0.833333333,0.92
0.9,0.5,0.875,0.92
0.9,0.5,0.916666667,0.93
0.9,0.5,0.958333333,0.93
0.9,0.5,1,0.94
0.9,0.583333333,0.041666667,0.04
0.9,0.583333333,0.083333333,0.12
0.9,0.583333333,0.125,0.22
0.9,0.583333333,0.166666667,0.32
0.9,0.583333333,0.208333333,0.42
0.9,0.583333333,0.25,0.5
0.9,0.583333333,0.291666667,0.57
0.9,0.583333333,0.333333333,0.63
0.9,0.583333333,0.375,0.68
0.9,0.583333333,0.416666667,0.72
0.9,0.583333333,0.458333333,0.76
0.9,0.583333333,0.5,0.78
0.9,0.583333333,0.541666667,0.81
0.9,0.583333333,0.583333333,0.83
0.9,0.583333333,0.625,0.85
0.9,0.583333333,0.666666667,0.86
0.9,0.583333333,0.708333333,0.87
0.9,0.583333333,0.75,0.89
0.9,0.583333333,0.791666667,0.9
0.9,0.583333333,0.833333333,0.9
0.9,0.583333333,0.875,0.91
0.9,0.583333333,0.916666667,0.92
0.9,0.583333333,0.958333333,0.93
0.9,0.583333333,1,0.93
0.9,0.666666667,0.041666667,0.03
0.9,0.666666667,0.083333333,0.1
0.9,0.666666667,0.125,0.19
0.9,0.666666667,0.166666667,0.29
0.9,0.666666667,0.208333333,0.38
0.9,0.666666667,0.25,0.46
0.9,0.666666667,0.291666667,0.53
0.9,0.666666667,0.333333333,0.59
0.9,0.666666667,0.375,0.65
0.9,0.666666667,0.416666667,0.69
0.9,0.666666667,0.458333333,0.73
0.9,0.666666667,0.5,0.76
0.9,0.666666667,0.541666667,0.78
0.9,0.666666667,0.583333333,0.81
0.9,0.666666667,0.625,0.83
0.9,0.666666667,0.666666667,0.84
0.9,0.666666667,0.708333333,0.86
0.9,0.666666667,0.75,0.87
0.9,0.666666667,0.791666667,0.88
0.9,0.666666667,0.833333333,0.89
0.9,0.666666667,0.875,0.9
0.9,0.666666667,0.916666667,0.91
0.9,0.666666667,0.958333333,0.91
0.9,0.666666667,1,0.92
0.9,0.75,0.041666667,0.03
0.9,0.75,0.083333333,0.09
0.9,0.75,0.125,0.17
0.9,0.75,0.166666667,0.26
0.9,0.75,0.208333333,0.35
0.9,0.75,0.25,0.43
0.9,0.75,0.291666667,0.5
0.9,0.75,0.333333333,0.56
0.9,0.75,0.375,0.61
0.9,0.75,0.416666667,0.66
0.9,0.75,0.458333333,0.7
0.9,0.75,0.5,0.73
0.9,0.75,0.541666667,0.76
0.9,0.75,0.583333333,0.78
0.9,0.75,0.625,0.8
0.9,0.75,0.666666667,0.82
0.9,0.75,0.708333333,0.84
0.9,0.75,0.75,0.85
0.9,0.75,0.791666667,0.86
0.9,0.75,0.833333333,0.88
0.9,0.75,0.875,0.88
0.9,0.75,0.916666667,0.89
0.9,0.75,0.958333333,0.9
0.9,0.75,1,0.91
0.9,0.833333333,0.041666667,0.02
0.9,0.833333333,0.083333333,0.08
0.9,0.833333333,0.125,0.15
0.9,0.833333333,0.166666667,0.23
0.9,0.833333333,0.208333333,0.31
0.9,0.833333333,0.25,0.39
0.9,0.833333333,0.291666667,0.46
0.9,0.833333333,0.333333333,0.52
0.9,0.833333333,0.375,0.57
0.9,0.833333333,0.416666667,0.62
0.9,0.833333333,0.458333333,0.66
0.9,0.833333333,0.5,0.7
0.9,0.833333333,0.541666667,0.73
0.9,0.833333333,0.583333333,0.76
0.9,0.833333333,0.625,0.78
0.9,0.833333333,0.666666667,0.8
0.9,0.833333333,0.708333333,0.82
0.9,0.833333333,0.75,0.83
0.9,0.833333333,0.791666667,0.85
0.9,0.833333333,0.833333333,0.86
0.9,0.833333333,0.875,0.87
0.9,0.833333333,0.916666667,0.88
0.9,0.833333333,0.958333333,0.89
0.9,0.833333333,1,0.89
0.9,0.916666667,0.041666667,0.02
0.9,0.916666667,0.083333333,0.07
0.9,0.916666667,0.125,0.13
0.9,0.916666667,0.166666667,0.21
0.9,0.916666667,0.208333333,0.28
0.9,0.916666667,0.25,0.35
0.9,0.916666667,0.291666667,0.42
0.9,0.916666667,0.333333333,0.48
0.9,0.916666667,0.375,0.54
0.9,0.916666667,0.416666667,0.59
0.9,0.916666667,0.458333333,0.63
0.9,0.916666667,0.5,0.67
0.9,0.916666667,0.541666667,0.7
0.9,0.916666667,0.583333333,0.73
0.9,0.916666667,0.625,0.75
0.9,0.916666667,0.666666667,0.77
0.9,0.916666667,0.708333333,0.79
0.9,0.916666667,0.75,0.81
0.9,0.916666667,0.791666667,0.82
0.9,0.916666667,0.833333333,0.84
0.9,0.916666667,0.875,0.85
0.9,0.916666667,0.916666667,0.86
0.9,0.916666667,0.958333333,0.87
0.9,0.916666667,1,0.88
0.9,1,0.041666667,0.02
0.9,1,0.083333333,0.06
0.9,1,0.125,0.12
0.9,1,0.166666667,0.18
0.9,1,0.208333333,0.25
0.9,1,0.25,0.32
0.9,1,0.291666667,0.39
0.9,1,0.333333333,0.45
0.9,1,0.375,0.5
0.9,1,0.416666667,0.55
0.9,1,0.458333333,0.59
0.9,1,0.5,0.63
0.9,1,0.541666667,0.67
0.9,1,0.583333333,0.7
0.9,1,0.625,0.72
0.9,1,0.666666667,0.75
0.9,1,0.708333333,0.77
0.9,1,0.75,0.79
0.9,1,0.791666667,0.8
0.9,1,0.833333333,0.82
0.9,1,0.875,0.83
0.9,1,0.916666667,0.84
0.9,1,0.958333333,0.85
0.9,1,1,0.86
0.95,0,0.041666667,0.13
0.95,0,0.083333333,0.33
0.95,0,0.125,0.5
0.95,0,0.166666667,0.63
0.95,0,0.208333333,0.72
0.95,0,0.25,0.78
0.95,0,0.291666667,0.83
0.95,0,0.333333333,0.86
0.95,0,0.375,0.89
0.95,0,0.416666667,0.9
0.95,0,0.458333333,0.92
0.95,0,0.5,0.93
0.95,0,0.541666667,0.94
0.95,0,0.583333333,0.95
0.95,0,0.625,0.95
0.95,0,0.666666667,0.96
0.95,0,0.708333333,0.96
0.95,0,0.75,0.97
0.95,0,0.791666667,0.97
0.95,0,0.833333333,0.97
0.95,0,0.875,0.97
0.95,0,0.916666667,0.98
0.95,0,0.958333333,0.98
0.95,0,1,0.98
0.95,0.083333333,0.041666667,0.11
0.95,0.083333333,0.083333333,0.29
0.95,0.083333333,0.125,0.47
0.95,0.083333333,0.166666667,0.6
0.95,0.083333333,0.208333333,0.69
0.95,0.083333333,0.25,0.76
0.95,0.083333333,0.291666667,0.81
0.95,0.083333333,0.333333333,0.84
0.95,0.083333333,0.375,0.87
0.95,0.083333333,0.416666667,0.89
0.95,0.083333333,0.458333333,0.91
0.95,0.083333333,0.5,0.92
0.95,0.083333333,0.541666667,0.93
0.95,0.083333333,0.583333333,0.94
0.95,0.083333333,0.625,0.95
0.95,0.083333333,0.666666667,0.95
0.95,0.083333333,0.708333333,0.96
0.95,0.083333333,0.75,0.96
0.95,0.083333333,0.791666667,0.96
0.95,0.083333333,0.833333333,0.97
0.95,0.083333333,0.875,0.97
0.95,0.083333333,0.916666667,0.97
0.95,0.083333333,0.958333333,0.97
0.95,0.083333333,1,0.98
0.95,0.166666667,0.041666667,0.1
0.95,0.166666667,0.083333333,0.26
0.95,0.166666667,0.125,0.43
0.95,0.166666667,0.166666667,0.56
0.95,0.166666667,0.208333333,0.66
0.95,0.166666667,0.25,0.73
0.95,0.166666667,0.291666667,0.78
0.95,0.166666667,0.333333333,0.82
0.95,0.166666667,0.375,0.85
0.95,0.166666667,0.416666667,0.87
0.95,0.166666667,0.458333333,0.89
0.95,0.166666667,0.5,0.91
0.95,0.166666667,0.541666667,0.92
0.95,0.166666667,0.583333333,0.93
0.95,0.166666667,0.625,0.94
0.95,0.166666667,0.666666667,0.94
0.95,0.166666667,0.708333333,0.95
0.95,0.166666667,0.75,0.95
0.95,0.166666667,0.791666667,0.96
0.95,0.166666667,0.833333333,0.96
0.95,0.166666667,0.875,0.97
0.95,0.166666667,0.916666667,0.97
0.95,0.166666667,0.958333333,0.97
0.95,0.166666667,1,0.97
0.95,0.25,0.041666667,0.08
0.95,0.25,0.083333333,0.24
0.95,0.25,0.125,0.39
0.95,0.25,0.166666667,0.52
0.95,0.25,0.208333333,0.62
0.95,0.25,0.25,0.7
0.95,0.25,0.291666667,0.75
0.95,0.25,0.333333333,0.8
0.95,0.25,0.375,0.83
0.95,0.25,0.416666667,0.86
0.95,0.25,0.458333333,0.88
0.95,0.25,0.5,0.89
0.95,0.25,0.541666667,0.91
0.95,0.25,0.583333333,0.92
0.95,0.25,0.625,0.93
0.95,0.25,0.666666667,0.94
0.95,0.25,0.708333333,0.94
0.95,0.25,0.75,0.95
0.95,0.25,0.791666667,0.95
0.95,0.25,0.833333333,0.96
0.95,0.25,0.875,0.96
0.95,0.25,0.916666667,0.96
0.95,0.25,0.958333333,0.97
0.95,0.25,1,0.97
0.95,0.333333333,0.041666667,0.07
0.95,0.333333333,0.083333333,0.21
0.95,0.333333333,0.125,0.36
0.95,0.333333333,0.166666667,0.48
0.95,0.333333333,0.208333333,0.59
0.95,0.333333333,0.25,0.66
0.95,0.333333333,0.291666667,0.73
0.95,0.333333333,0.333333333,0.77
0.95,0.333333333,0.375,0.81
0.95,0.333333333,0.416666667,0.84
0.95,0.333333333,0.458333333,0.86
0.95,0.333333333,0.5,0.88
0.95,0.333333333,0.541666667,0.89
0.95,0.333333333,0.583333333,0.91
0.95,0.333333333,0.625,0.92
0.95,0.333333333,0.666666667,0.93
0.95,0.333333333,0.708333333,0.93
0.95,0.333333333,0.75,0.94
0.95,0.333333333,0.791666667,0.94
0.95,0.333333333,0.833333333,0.95
0.95,0.333333333,0.875,0.95
0.95,0.333333333,0.916666667,0.96
0.95,0.333333333,0.958333333,0.96
0.95,0.333333333,1,0.96
0.95,0.416666667,0.041666667,0.06
0.95,0.416666667,0.083333333,0.19
0.95,0.416666667,0.125,0.32
0.95,0.416666667,0.166666667,0.45
0.95,0.416666667,0.208333333,0.55
0.95,0.416666667,0.25,0.63
0.95,0.416666667,0.291666667,0.69
0.95,0.416666667,0.333333333,0.74
0.95,0.416666667,0.375,0.78
0.95,0.416666667,0.416666667,0.82
0.95,0.416666667,0.458333333,0.84
0.95,0.416666667,0.5,0.86
0.95,0.416666667,0.541666667,0.88
0.95,0.416666667,0.583333333,0.89
0.95,0.416666667,0.625,0.9
0.95,0.416666667,0.666666667,0.91
0.95,0.416666667,0.708333333,0.92
0.95,0.416666667,0.75,0.93
0.95,0.416666667,0.791666667,0.94
0.95,0.416666667,0.833333333,0.94
0.95,0.416666667,0.875,0.95
0.95,0.416666667,0.916666667,0.95
0.95,0.416666667,0.958333333,0.95
0.95,0.416666667,1,0.96
0.95,0.5,0.041666667,0.05
0.95,0.5,0.083333333,0.16
0.95,0.5,0.125,0.29
0.95,0.5,0.166666667,0.41
0.95,0.5,0.208333333,0.51
0.95,0.5,0.25,0.59
0.95,0.5,0.291666667,0.66
0.95,0.5,0.333333333,0.71
0.95,0.5,0.375,0.76
0.95,0.5,0.416666667,0.79
0.95,0.5,0.458333333,0.82
0.95,0.5,0.5,0.84
0.95,0.5,0.541666667,0.86
0.95,0.5,0.583333333,0.88
0.95,0.5,0.625,0.89
0.95,0.5,0.666666667,0.9
0.95,0.5,0.708333333,0.91
0.95,0.5,0.75,0.92
0.95,0.5,0.791666667,0.93
0.95,0.5,0.833333333,0.93
0.95,0.5,0.875,0.94
0.95,0.5,0.916666667,0.94
0.95,0.5,0.958333333,0.95
0.95,0.5,1,0.95
0.95,0.583333333,0.041666667,0.05
0.95,0.583333333,0.083333333,0.14
0.95,0.583333333,0.125,0.26
0.95,0.583333333,0.166666667,0.37
0.95,0.583333333,0.208333333,0.47
0.95,0.583333333,0.25,0.56
0.95,0.583333333,0.291666667,0.63
0.95,0.583333333,0.333333333,0.68
0.95,0.583333333,0.375,0.73
0.95,0.583333333,0.416666667,0.77
0.95,0.583333333,0.458333333,0.8
0.95,0.583333333,0.5,0.82
0.95,0.583333333,0.541666667,0.84
0.95,0.583333333,0.583333333,0.86
0.95,0.583333333,0.625,0.87
0.95,0.583333333,0.666666667,0.89
0.95,0.583333333,0.708333333,0.9
0.95,0.583333333,0.75,0.91
0.95,0.583333333,0.791666667,0.92
0.95,0.583333333,0.833333333,0.92
0.95,0.583333333,0.875,0.93
0.95,0.583333333,0.916666667,0.93
0.95,0.583333333,0.958333333,0.94
0.95,0.583333333,1,0.94
0.95,0.666666667,0.041666667,0.04
0.95,0.666666667,0.083333333,0.13
0.95,0.666666667,0.125,0.23
0.95,0.666666667,0.166666667,0.34
0.95,0.666666667,0.208333333,0.44
0.95,0.666666667,0.25,0.52
0.95,0.666666667,0.291666667,0.59
0.95,0.666666667,0.333333333,0.65
0.95,0.666666667,0.375,0.7
0.95,0.666666667,0.416666667,0.74
0.95,0.666666667,0.458333333,0.77
0.95,0.666666667,0.5,0.8
0.95,0.666666667,0.541666667,0.82
0.95,0.666666667,0.583333333,0.84
0.95,0.666666667,0.625,0.86
0.95,0.666666667,0.666666667,0.87
0.95,0.666666667,0.708333333,0.88
0.95,0.666666667,0.75,0.89
0.95,0.666666667,0.791666667,0.9
0.95,0.666666667,0.833333333,0.91
0.95,0.666666667,0.875,0.92
0.95,0.666666667,0.916666667,0.92
0.95,0.666666667,0.958333333,0.93
0.95,0.666666667,1,0.94
0.95,0.75,0.041666667,0.04
0.95,0.75,0.083333333,0.11
0.95,0.75,0.125,0.21
0.95,0.75,0.166666667,0.31
0.95,0.75,0.208333333,0.4
0.95,0.75,0.25,0.48
0.95,0.75,0.291666667,0.55
0.95,0.75,0.333333333,0.61
0.95,0.75,0.375,0.66
0.95,0.75,0.416666667,0.71
0.95,0.75,0.458333333,0.74
0.95,0.75,0.5,0.77
0.95,0.75,0.541666667,0.8
0.95,0.75,0.583333333,0.82
0.95,0.75,0.625,0.84
0.95,0.75,0.666666667,0.85
0.95,0.75,0.708333333,0.87
0.95,0.75,0.75,0.88
0.95,0.75,0.791666667,0.89
0.95,0.75,0.833333333,0.9
0.95,0.75,0.875,0.91
0.95,0.75,0.916666667,0.91
0.95,0.75,0.958333333,0.92
0.95,0.75,1,0.93
0.95,0.833333333,0.041666667,0.03
0.95,0.833333333,0.083333333,0.1
0.95,0.833333333,0.125,0.18
0.95,0.833333333,0.166666667,0.27
0.95,0.833333333,0.208333333,0.36
0.95,0.833333333,0.25,0.44
0.95,0.833333333,0.291666667,0.52
0.95,0.833333333,0.333333333,0.58
0.95,0.833333333,0.375,0.63
0.95,0.833333333,0.416666667,0.67
0.95,0.833333333,0.458333333,0.71
0.95,0.833333333,0.5,0.74
0.95,0.833333333,0.541666667,0.77
0.95,0.833333333,0.583333333,0.8
0.95,0.833333333,0.625,0.82
0.95,0.833333333,0.666666667,0.83
0.95,0.833333333,0.708333333,0.85
0.95,0.833333333,0.75,0.86
0.95,0.833333333,0.791666667,0.87
0.95,0.833333333,0.833333333,0.88
0.95,0.833333333,0.875,0.89
0.95,0.833333333,0.916666667,0.9
0.95,0.833333333,0.958333333,0.91
0.95,0.833333333,1,0.91
0.95,0.916666667,0.041666667,0.03
0.95,0.916666667,0.083333333,0.08
0.95,0.916666667,0.125,0.16
0.95,0.916666667,0.166666667,0.25
0.95,0.916666667,0.208333333,0.33
0.95,0.916666667,0.25,0.41
0.95,0.916666667,0.291666667,0.48
0.95,0.916666667,0.333333333,0.54
0.95,0.916666667,0.375,0.59
0.95,0.916666667,0.416666667,0.64
0.95,0.916666667,0.458333333,0.68
0.95,0.916666667,0.5,0.72
0.95,0.916666667,0.541666667,0.74
0.95,0.916666667,0.583333333,0.77
0.95,0.916666667,0.625,0.79
0.95,0.916666667,0.666666667,0.81
0.95,0.916666667,0.708333333,0.83
0.95,0.916666667,0.75,0.84
0.95,0.916666667,0.791666667,0.86
0.95,0.916666667,0.833333333,0.87
0.95,0.916666667,0.875,0.88
0.95,0.916666667,0.916666667,0.89
0.95,0.916666667,0.958333333,0.89
0.95,0.916666667,1,0.9
0.95,1,0.041666667,0.02
0.95,1,0.083333333,0.07
0.95,1,0.125,0.14
0.95,1,0.166666667,0.22
0.95,1,0.208333333,0.3
0.95,1,0.25,0.37
0.95,1,0.291666667,0.44
0.95,1,0.333333333,0.5
0.95,1,0.375,0.56
0.95,1,0.416666667,0.61
0.95,1,0.458333333,0.65
0.95,1,0.5,0.68
0.95,1,0.541666667,0.71
0.95,1,0.583333333,0.74
0.95,1,0.625,0.77
0.95,1,0.666666667,0.79
0.95,1,0.708333333,0.81
0.95,1,0.75,0.82
0.95,1,0.791666667,0.84
0.95,1,0.833333333,0.85
0.95,1,0.875,0.86
0.95,1,0.916666667,0.87
0.95,1,0.958333333,0.88
0.95,1,1,0.89
1,0,0.041666667,0.15
1,0,0.083333333,0.38
1,0,0.125,0.56
1,0,0.166666667,0.68
1,0,0.208333333,0.76
1,0,0.25,0.82
1,0,0.291666667,0.86
1,0,0.333333333,0.89
1,0,0.375,0.91
1,0,0.416666667,0.92
1,0,0.458333333,0.93
1,0,0.5,0.94
1,0,0.541666667,0.95
1,0,0.583333333,0.96
1,0,0.625,0.96
1,0,0.666666667,0.97
1,0,0.708333333,0.97
1,0,0.75,0.97
1,0,0.791666667,0.98
1,0,0.833333333,0.98
1,0,0.875,0.98
1,0,0.916666667,0.98
1,0,0.958333333,0.98
1,0,1,0.98
1,0.083333333,0.041666667,0.13
1,0.083333333,0.083333333,0.34
1,0.083333333,0.125,0.52
1,0.083333333,0.166666667,0.65
1,0.083333333,0.208333333,0.74
1,0.083333333,0.25,0.8
1,0.083333333,0.291666667,0.84
1,0.083333333,0.333333333,0.87
1,0.083333333,0.375,0.89
1,0.083333333,0.416666667,0.91
1,0.083333333,0.458333333,0.92
1,0.083333333,0.5,0.93
1,0.083333333,0.541666667,0.94
1,0.083333333,0.583333333,0.95
1,0.083333333,0.625,0.96
1,0.083333333,0.666666667,0.96
1,0.083333333,0.708333333,0.96
1,0.083333333,0.75,0.97
1,0.083333333,0.791666667,0.97
1,0.083333333,0.833333333,0.97
1,0.083333333,0.875,0.98
1,0.083333333,0.916666667,0.98
1,0.083333333,0.958333333,0.98
1,0.083333333,1,0.98
1,0.166666667,0.041666667,0.12
1,0.166666667,0.083333333,0.31
1,0.166666667,0.125,0.48
1,0.166666667,0.166666667,0.61
1,0.166666667,0.208333333,0.71
1,0.166666667,0.25,0.77
1,0.166666667,0.291666667,0.82
1,0.166666667,0.333333333,0.85
1,0.166666667,0.375,0.88
1,0.166666667,0.416666667,0.9
1,0.166666667,0.458333333,0.91
1,0.166666667,0.5,0.92
1,0.166666667,0.541666667,0.93
1,0.166666667,0.583333333,0.94
1,0.166666667,0.625,0.95
1,0.166666667,0.666666667,0.95
1,0.166666667,0.708333333,0.96
1,0.166666667,0.75,0.96
1,0.166666667,0.791666667,0.97
1,0.166666667,0.833333333,0.97
1,0.166666667,0.875,0.97
1,0.166666667,0.916666667,0.97
1,0.166666667,0.958333333,0.98
1,0.166666667,1,0.98
1,0.25,0.041666667,0.1
1,0.25,0.083333333,0.28
1,0.25,0.125,0.45
1,0.25,0.166666667,0.58
1,0.25,0.208333333,0.67
1,0.25,0.25,0.74
1,0.25,0.291666667,0.79
1,0.25,0.333333333,0.83
1,0.25,0.375,0.86
1,0.25,0.416666667,0.88
1,0.25,0.458333333,0.9
1,0.25,0.5,0.91
1,0.25,0.541666667,0.92
1,0.25,0.583333333,0.93
1,0.25,0.625,0.94
1,0.25,0.666666667,0.95
1,0.25,0.708333333,0.95
1,0.25,0.75,0.96
1,0.25,0.791666667,0.96
1,0.25,0.833333333,0.96
1,0.25,0.875,0.97
1,0.25,0.916666667,0.97
1,0.25,0.958333333,0.97
1,0.25,1,0.97
1,0.333333333,0.041666667,0.09
1,0.333333333,0.083333333,0.25
1,0.333333333,0.125,0.41
1,0.333333333,0.166666667,0.54
1,0.333333333,0.208333333,0.64
1,0.333333333,0.25,0.71
1,0.333333333,0.291666667,0.77
1,0.333333333,0.333333333,0.81
1,0.333333333,0.375,0.84
1,0.333333333,0.416666667,0.87
1,0.333333333,0.458333333,0.89
1,0.333333333,0.5,0.9
1,0.333333333,0.541666667,0.91
1,0.333333333,0.583333333,0.92
1,0.333333333,0.625,0.93
1,0.333333333,0.666666667,0.94
1,0.333333333,0.708333333,0.95
1,0.333333333,0.75,0.95
1,0.333333333,0.791666667,0.96
1,0.333333333,0.833333333,0.96
1,0.333333333,0.875,0.96
1,0.333333333,0.916666667,0.97
1,0.333333333,0.958333333,0.97
1,0.333333333,1,0.97
1,0.416666667,0.041666667,0.08
1,0.416666667,0.083333333,0.22
1,0.416666667,0.125,0.37
1,0.416666667,0.166666667,0.5
1,0.416666667,0.208333333,0.6
1,0.416666667,0.25,0.68
1,0.416666667,0.291666667,0.74
1,0.416666667,0.333333333,0.79
1,0.416666667,0.375,0.82
1,0.416666667,0.416666667,0.85
1,0.416666667,0.458333333,0.87
1,0.416666667,0.5,0.89
1,0.416666667,0.541666667,0.9
1,0.416666667,0.583333333,0.91
1,0.416666667,0.625,0.92
1,0.416666667,0.666666667,0.93
1,0.416666667,0.708333333,0.94
1,0.416666667,0.75,0.94
1,0.416666667,0.791666667,0.95
1,0.416666667,0.833333333,0.95
1,0.416666667,0.875,0.96
1,0.416666667,0.916666667,0.96
1,0.416666667,0.958333333,0.96
1,0.416666667,1,0.97
1,0.5,0.041666667,0.07
1,0.5,0.083333333,0.2
1,0.5,0.125,0.34
1,0.5,0.166666667,0.47
1,0.5,0.208333333,0.57
1,0.5,0.25,0.65
1,0.5,0.291666667,0.71
1,0.5,0.333333333,0.76
1,0.5,0.375,0.8
1,0.5,0.416666667,0.83
1,0.5,0.458333333,0.85
1,0.5,0.5,0.87
1,0.5,0.541666667,0.89
1,0.5,0.583333333,0.9
1,0.5,0.625,0.91
1,0.5,0.666666667,0.92
1,0.5,0.708333333,0.93
1,0.5,0.75,0.93
1,0.5,0.791666667,0.94
1,0.5,0.833333333,0.95
1,0.5,0.875,0.95
1,0.5,0.916666667,0.95
1,0.5,0.958333333,0.96
1,0.5,1,0.96
1,0.583333333,0.041666667,0.06
1,0.583333333,0.083333333,0.18
1,0.583333333,0.125,0.31
1,0.583333333,0.166666667,0.43
1,0.583333333,0.208333333,0.53
1,0.583333333,0.25,0.61
1,0.583333333,0.291666667,0.68
1,0.583333333,0.333333333,0.73
1,0.583333333,0.375,0.77
1,0.583333333,0.416666667,0.8
1,0.583333333,0.458333333,0.83
1,0.583333333,0.5,0.85
1,0.583333333,0.541666667,0.87
1,0.583333333,0.583333333,0.89
1,0.583333333,0.625,0.9
1,0.583333333,0.666666667,0.91
1,0.583333333,0.708333333,0.92
1,0.583333333,0.75,0.93
1,0.583333333,0.791666667,0.93
1,0.583333333,0.833333333,0.94
1,0.583333333,0.875,0.94
1,0.583333333,0.916666667,0.95
1,0.583333333,0.958333333,0.95
1,0.583333333,1,0.95
1,0.666666667,0.041666667,0.05
1,0.666666667,0.083333333,0.15
1,0.666666667,0.125,0.28
1,0.666666667,0.166666667,0.39
1,0.666666667,0.208333333,0.49
1,0.666666667,0.25,0.58
1,0.666666667,0.291666667,0.64
1,0.666666667,0.333333333,0.7
1,0.666666667,0.375,0.74
1,0.666666667,0.416666667,0.78
1,0.666666667,0.458333333,0.81
1,0.666666667,0.5,0.83
1,0.666666667,0.541666667,0.85
1,0.666666667,0.583333333,0.87
1,0.666666667,0.625,0.88
1,0.666666667,0.666666667,0.89
1,0.666666667,0.708333333,0.91
1,0.666666667,0.75,0.91
1,0.666666667,0.791666667,0.92
1,0.666666667,0.833333333,0.93
1,0.666666667,0.875,0.93
1,0.666666667,0.916666667,0.94
1,0.666666667,0.958333333,0.94
1,0.666666667,1,0.95
1,0.75,0.041666667,0.04
1,0.75,0.083333333,0.14
1,0.75,0.125,0.25
1,0.75,0.166666667,0.36
1,0.75,0.208333333,0.46
1,0.75,0.25,0.54
1,0.75,0.291666667,0.61
1,0.75,0.333333333,0.67
1,0.75,0.375,0.71
1,0.75,0.416666667,0.75
1,0.75,0.458333333,0.78
1,0.75,0.5,0.81
1,0.75,0.541666667,0.83
1,0.75,0.583333333,0.85
1,0.75,0.625,0.87
1,0.75,0.666666667,0.88
1,0.75,0.708333333,0.89
1,0.75,0.75,0.9
1,0.75,0.791666667,0.91
1,0.75,0.833333333,0.92
1,0.75,0.875,0.92
1,0.75,0.916666667,0.93
1,0.75,0.958333333,0.94
1,0.75,1,0.94
1,0.833333333,0.041666667,0.04
1,0.833333333,0.083333333,0.12
1,0.833333333,0.125,0.22
1,0.833333333,0.166666667,0.32
1,0.833333333,0.208333333,0.42
1,0.833333333,0.25,0.5
1,0.833333333,0.291666667,0.57
1,0.833333333,0.333333333,0.63
1,0.833333333,0.375,0.68
1,0.833333333,0.416666667,0.72
1,0.833333333,0.458333333,0.76
1,0.833333333,0.5,0.79
1,0.833333333,0.541666667,0.81
1,0.833333333,0.583333333,0.83
1,0.833333333,0.625,0.85
1,0.833333333,0.666666667,0.86
1,0.833333333,0.708333333,0.88
1,0.833333333,0.75,0.89
1,0.833333333,0.791666667,0.9
1,0.833333333,0.833333333,0.91
1,0.833333333,0.875,0.91
1,0.833333333,0.916666667,0.92
1,0.833333333,0.958333333,0.93
1,0.833333333,1,0.93
1,0.916666667,0.041666667,0.03
1,0.916666667,0.083333333,0.1
1,0.916666667,0.125,0.19
1,0.916666667,0.166666667,0.29
1,0.916666667,0.208333333,0.38
1,0.916666667,0.25,0.46
1,0.916666667,0.291666667,0.54
1,0.916666667,0.333333333,0.6
1,0.916666667,0.375,0.65
1,0.916666667,0.416666667,0.69
1,0.916666667,0.458333333,0.73
1,0.916666667,0.5,0.76
1,0.916666667,0.541666667,0.79
1,0.916666667,0.583333333,0.81
1,0.916666667,0.625,0.83
1,0.916666667,0.666666667,0.84
1,0.916666667,0.708333333,0.86
1,0.916666667,0.75,0.87
1,0.916666667,0.791666667,0.88
1,0.916666667,0.833333333,0.89
1,0.916666667,0.875,0.9
1,0.916666667,0.916666667,0.91
1,0.916666667,0.958333333,0.91
1,0.916666667,1,0.92
1,1,0.041666667,0.03
1,1,0.083333333,0.09
1,1,0.125,0.17
1,1,0.166666667,0.26
1,1,0.208333333,0.35
1,1,0.25,0.43
1,1,0.291666667,0.5
1,1,0.333333333,0.56
1,1,0.375,0.61
1,1,0.416666667,0.66
1,1,0.458333333,0.7
1,1,0.5,0.73
1,1,0.541666667,0.76
1,1,0.583333333,0.78
1,1,0.625,0.8
1,1,0.666666667,0.82
1,1,0.708333333,0.84
1,1,0.75,0.85
1,1,0.791666667,0.87
1,1,0.833333333,0.88
1,1,0.875,0.89
1,1,0.916666667,0.89
1,1,0.958333333,0.9
1,1,1,0.91
